,region,from,to,forecast,index,biomass,coal,imports,gas,nuclear,other,hydro,solar,wind
0,North Scotland,2019-05-15T11:30Z,2019-05-15T12:00Z,258,moderate,0.0,0.0,0.0,64.9,0.0,0,6.4,0.0,28.7
1,North Scotland,2019-05-15T12:00Z,2019-05-15T12:30Z,263,high,0.0,0.0,0.0,67.7,0.0,0,4.6,0.0,27.7
2,North Scotland,2019-05-15T12:30Z,2019-05-15T13:00Z,251,moderate,0.0,0.0,0.0,64.3,0.0,0,5.4,0.0,30.3
3,North Scotland,2019-05-15T13:00Z,2019-05-15T13:30Z,243,moderate,0.0,0.0,0.0,61.9,0.0,0,6.4,0.0,31.7
4,North Scotland,2019-05-15T13:30Z,2019-05-15T14:00Z,235,moderate,0.0,0.0,0.0,60.9,0.0,0,6.9,0.0,32.2
5,North Scotland,2019-05-15T14:00Z,2019-05-15T14:30Z,224,moderate,0.0,0.0,0.0,57.5,0.0,0,7.8,0.0,34.7
6,North Scotland,2019-05-15T14:30Z,2019-05-15T15:00Z,222,moderate,0.0,0.0,0.0,56.2,0.0,0,8.8,0.0,35.0
7,North Scotland,2019-05-15T15:00Z,2019-05-15T15:30Z,229,moderate,0.0,0.0,0.0,57.9,0.0,0,6.9,0.0,35.2
8,North Scotland,2019-05-15T15:30Z,2019-05-15T16:00Z,235,moderate,0.0,0.0,0.0,60.2,0.0,0,5.8,0.0,34.0
9,North Scotland,2019-05-15T16:00Z,2019-05-15T16:30Z,229,moderate,0.0,0.0,0.0,58.8,0.0,0,7.1,0.0,34.1
10,North Scotland,2019-05-15T16:30Z,2019-05-15T17:00Z,223,moderate,0.0,0.0,0.0,56.4,0.0,0,7.9,0.0,35.7
11,North Scotland,2019-05-15T17:00Z,2019-05-15T17:30Z,225,moderate,0.0,0.0,0.0,57.7,0.0,0,9.1,0.0,33.2
12,North Scotland,2019-05-15T17:30Z,2019-05-15T18:00Z,217,moderate,0.0,0.0,0.0,55.7,0.0,0,12.2,0.0,32.1
13,North Scotland,2019-05-15T18:00Z,2019-05-15T18:30Z,210,moderate,0.0,0.0,0.0,53.7,0.0,0,13.3,0.0,33.0
14,North Scotland,2019-05-15T18:30Z,2019-05-15T19:00Z,203,moderate,0.0,0.0,0.0,52.4,0.0,0,15.1,0.0,32.5
15,North Scotland,2019-05-15T19:00Z,2019-05-15T19:30Z,202,moderate,0.0,0.0,0.0,49.9,0.0,0,17.3,0.0,32.8
16,North Scotland,2019-05-15T19:30Z,2019-05-15T20:00Z,223,moderate,0.0,0.0,0.0,56.6,0.0,0,6.6,0.0,36.8
17,North Scotland,2019-05-15T20:00Z,2019-05-15T20:30Z,223,moderate,0.0,0.0,0.0,56.6,0.0,0,3.7,0.0,39.7
18,North Scotland,2019-05-15T20:30Z,2019-05-15T21:00Z,219,moderate,0.0,0.0,0.0,55.8,0.0,0,2.9,0.0,41.3
19,North Scotland,2019-05-15T21:00Z,2019-05-15T21:30Z,209,moderate,0.0,0.0,0.0,53.8,0.0,0,3.8,0.0,42.4
20,North Scotland,2019-05-15T21:30Z,2019-05-15T22:00Z,197,moderate,0.0,0.0,0.0,50.7,0.0,0,4.4,0.0,44.9
21,North Scotland,2019-05-15T22:00Z,2019-05-15T22:30Z,185,moderate,0.0,0.0,0.0,47.5,0.0,0,5.0,0.0,47.5
22,North Scotland,2019-05-15T22:30Z,2019-05-15T23:00Z,171,moderate,0.0,0.0,0.0,44.4,0.0,0,5.3,0.0,50.3
23,North Scotland,2019-05-15T23:00Z,2019-05-15T23:30Z,155,low,0.0,0.0,0.0,40.2,0.0,0,5.0,0.0,54.8
24,North Scotland,2019-05-15T23:30Z,2019-05-16T00:00Z,146,low,0.0,0.0,0.0,36.6,0.0,0,6.6,0.0,56.8
25,North Scotland,2019-05-16T00:00Z,2019-05-16T00:30Z,154,low,0.0,0.0,0.0,38.9,0.0,0,4.2,0.0,56.9
26,North Scotland,2019-05-16T00:30Z,2019-05-16T01:00Z,163,moderate,0.0,0.0,0.0,40.5,0.0,0,3.4,0.0,56.1
27,North Scotland,2019-05-16T01:00Z,2019-05-16T01:30Z,176,moderate,0.0,0.0,0.0,45.2,0.0,0,2.7,0.0,52.1
28,North Scotland,2019-05-16T01:30Z,2019-05-16T02:00Z,175,moderate,0.0,0.0,0.0,44.8,0.0,0,3.2,0.0,52.0
29,North Scotland,2019-05-16T02:00Z,2019-05-16T02:30Z,171,moderate,0.0,0.0,0.0,43.7,0.0,0,5.2,0.0,51.1
30,North Scotland,2019-05-16T02:30Z,2019-05-16T03:00Z,106,low,0.0,0.0,0.0,28.0,0.0,0,16.7,0.0,55.3
31,North Scotland,2019-05-16T03:00Z,2019-05-16T03:30Z,91,low,0.0,0.0,0.0,24.0,0.0,0,17.5,0.0,58.5
32,North Scotland,2019-05-16T03:30Z,2019-05-16T04:00Z,79,low,0.0,0.0,0.0,20.4,0.0,0,26.1,0.0,53.5
33,North Scotland,2019-05-16T04:00Z,2019-05-16T04:30Z,78,low,0.0,0.0,0.0,19.8,0.0,0,34.3,0.0,45.9
34,North Scotland,2019-05-16T04:30Z,2019-05-16T05:00Z,91,low,0.0,0.0,0.0,22.0,0.0,0,32.3,0.0,45.7
35,North Scotland,2019-05-16T05:00Z,2019-05-16T05:30Z,112,low,0.0,0.0,0.0,27.1,0.0,0,28.8,0.0,44.1
36,North Scotland,2019-05-16T05:30Z,2019-05-16T06:00Z,139,low,0.0,0.0,0.0,34.5,0.0,0,27.0,0.0,38.5
37,North Scotland,2019-05-16T06:00Z,2019-05-16T06:30Z,160,moderate,0.0,0.0,0.0,39.1,0.0,0,28.0,0.0,32.9
38,North Scotland,2019-05-16T06:30Z,2019-05-16T07:00Z,180,moderate,0.0,0.0,0.0,45.4,0.0,0,25.3,0.0,29.3
39,North Scotland,2019-05-16T07:00Z,2019-05-16T07:30Z,184,moderate,0.0,0.0,0.0,47.2,0.0,0,23.8,0.0,29.0
40,North Scotland,2019-05-16T07:30Z,2019-05-16T08:00Z,184,moderate,0.0,0.0,0.0,45.7,0.0,0,23.2,0.0,31.1
41,North Scotland,2019-05-16T08:00Z,2019-05-16T08:30Z,196,moderate,0.0,0.0,0.0,50.1,0.0,0,12.6,0.0,37.3
42,North Scotland,2019-05-16T08:30Z,2019-05-16T09:00Z,168,moderate,0.0,0.0,0.0,49.7,0.0,0,8.3,0.0,42.0
43,North Scotland,2019-05-16T09:00Z,2019-05-16T09:30Z,79,low,0.0,0.0,0.0,22.1,0.0,0,8.7,0.0,69.2
44,North Scotland,2019-05-16T09:30Z,2019-05-16T10:00Z,66,low,0.0,0.0,0.0,14.7,0.0,0,7.2,0.0,78.1
45,North Scotland,2019-05-16T10:00Z,2019-05-16T10:30Z,99,low,0.0,0.0,0.0,24.1,0.0,0,5.8,0.0,70.1
46,North Scotland,2019-05-16T10:30Z,2019-05-16T11:00Z,113,low,0.0,0.0,0.0,28.4,0.0,0,5.5,0.0,66.1
47,North Scotland,2019-05-16T11:00Z,2019-05-16T11:30Z,111,low,0.0,0.0,0.0,30.3,0.0,0,3.4,0.0,66.3
48,North Scotland,2019-05-16T11:30Z,2019-05-16T12:00Z,100,low,0.0,0.0,0.0,22.1,0.0,0,3.9,0.0,74.0
49,South Scotland,2019-05-15T11:30Z,2019-05-15T12:00Z,45,very low,3.8,0.0,0.0,10.1,54.9,0,0.5,11.9,18.8
50,South Scotland,2019-05-15T12:00Z,2019-05-15T12:30Z,47,very low,3.2,0.0,0.0,11.3,52.9,0,0.4,11.8,20.4
51,South Scotland,2019-05-15T12:30Z,2019-05-15T13:00Z,45,very low,3.1,0.0,0.8,9.9,53.0,0,0.3,11.6,21.3
52,South Scotland,2019-05-15T13:00Z,2019-05-15T13:30Z,42,very low,2.4,0.0,2.3,7.7,54.4,0,0.2,11.5,21.5
53,South Scotland,2019-05-15T13:30Z,2019-05-15T14:00Z,42,very low,2.1,0.0,2.8,6.8,55.8,0,0.1,10.8,21.6
54,South Scotland,2019-05-15T14:00Z,2019-05-15T14:30Z,45,very low,2.1,0.0,3.5,7.0,55.3,0,0.2,10.0,21.9
55,South Scotland,2019-05-15T14:30Z,2019-05-15T15:00Z,48,very low,2.1,0.0,2.8,8.1,54.9,0,0.3,9.2,22.6
56,South Scotland,2019-05-15T15:00Z,2019-05-15T15:30Z,55,very low,2.2,0.0,1.0,11.2,54.2,0,0.6,8.1,22.7
57,South Scotland,2019-05-15T15:30Z,2019-05-15T16:00Z,65,low,1.6,0.0,2.0,13.8,53.1,0,0.6,6.9,22.0
58,South Scotland,2019-05-15T16:00Z,2019-05-15T16:30Z,69,low,1.5,0.0,0.6,16.2,51.6,0,1.1,5.8,23.2
59,South Scotland,2019-05-15T16:30Z,2019-05-15T17:00Z,72,low,2.2,0.0,2.4,15.1,51.3,0,1.2,4.5,23.3
60,South Scotland,2019-05-15T17:00Z,2019-05-15T17:30Z,76,low,3.0,0.0,1.4,16.3,51.4,0,1.7,3.5,22.7
61,South Scotland,2019-05-15T17:30Z,2019-05-15T18:00Z,83,low,2.8,0.0,4.6,15.1,50.6,0,2.6,2.5,21.8
62,South Scotland,2019-05-15T18:00Z,2019-05-15T18:30Z,85,low,2.8,0.0,4.8,15.2,49.8,0,3.3,1.7,22.4
63,South Scotland,2019-05-15T18:30Z,2019-05-15T19:00Z,84,low,2.9,0.0,4.8,15.3,49.4,0,4.1,1.0,22.5
64,South Scotland,2019-05-15T19:00Z,2019-05-15T19:30Z,84,low,2.9,0.0,4.4,14.9,48.7,0,5.0,0.4,23.7
65,South Scotland,2019-05-15T19:30Z,2019-05-15T20:00Z,90,low,3.7,0.0,3.7,17.6,48.3,0,1.9,0.1,24.7
66,South Scotland,2019-05-15T20:00Z,2019-05-15T20:30Z,81,low,4.0,0.0,1.4,18.6,47.7,0,1.1,0.0,27.2
67,South Scotland,2019-05-15T20:30Z,2019-05-15T21:00Z,72,low,4.2,0.0,0.0,17.4,49.4,0,0.8,0.2,28.0
68,South Scotland,2019-05-15T21:00Z,2019-05-15T21:30Z,70,low,4.2,0.0,1.2,15.2,50.1,0,1.0,0.0,28.3
69,South Scotland,2019-05-15T21:30Z,2019-05-15T22:00Z,70,low,4.1,0.0,4.7,11.4,51.4,0,0.9,0.0,27.5
70,South Scotland,2019-05-15T22:00Z,2019-05-15T22:30Z,64,low,4.3,0.0,5.1,9.7,52.9,0,0.9,0.0,27.1
71,South Scotland,2019-05-15T22:30Z,2019-05-15T23:00Z,44,very low,4.8,0.0,2.3,8.5,54.9,0,0.9,0.0,28.6
72,South Scotland,2019-05-15T23:00Z,2019-05-15T23:30Z,26,very low,5.4,0.0,0.0,5.9,57.0,0,0.6,0.0,31.1
73,South Scotland,2019-05-15T23:30Z,2019-05-16T00:00Z,21,very low,5.3,0.0,0.0,3.3,59.6,0,0.4,0.0,31.4
74,South Scotland,2019-05-16T00:00Z,2019-05-16T00:30Z,47,very low,5.0,0.0,7.7,1.6,57.5,0,0.1,0.0,28.1
75,South Scotland,2019-05-16T00:30Z,2019-05-16T01:00Z,44,very low,4.9,0.0,6.8,2.3,57.6,0,0.1,0.0,28.3
76,South Scotland,2019-05-16T01:00Z,2019-05-16T01:30Z,39,very low,4.9,0.0,4.7,3.2,58.2,0,0.1,0.0,28.9
77,South Scotland,2019-05-16T01:30Z,2019-05-16T02:00Z,38,very low,4.8,0.0,4.7,3.4,57.2,0,0.1,0.0,29.8
78,South Scotland,2019-05-16T02:00Z,2019-05-16T02:30Z,35,very low,4.8,0.0,3.6,3.6,57.2,0,0.1,0.0,30.7
79,South Scotland,2019-05-16T02:30Z,2019-05-16T03:00Z,30,very low,6.4,0.0,1.0,4.9,59.7,0,0.1,0.0,27.9
80,South Scotland,2019-05-16T03:00Z,2019-05-16T03:30Z,26,very low,6.3,0.0,0.0,4.9,58.6,0,0.1,0.0,30.1
81,South Scotland,2019-05-16T03:30Z,2019-05-16T04:00Z,30,very low,6.2,0.0,0.0,4.8,57.1,0,0.2,0.0,31.7
82,South Scotland,2019-05-16T04:00Z,2019-05-16T04:30Z,42,very low,6.0,0.0,3.4,4.9,55.6,0,0.3,0.0,29.8
83,South Scotland,2019-05-16T04:30Z,2019-05-16T05:00Z,45,very low,6.0,0.0,3.4,5.5,55.0,0,0.3,0.3,29.5
84,South Scotland,2019-05-16T05:00Z,2019-05-16T05:30Z,55,very low,5.8,0.0,4.2,7.2,53.0,0,0.4,0.7,28.7
85,South Scotland,2019-05-16T05:30Z,2019-05-16T06:00Z,48,very low,6.0,0.0,1.8,8.8,54.0,0,0.5,1.3,27.6
86,South Scotland,2019-05-16T06:00Z,2019-05-16T06:30Z,42,very low,6.2,0.0,0.0,9.1,55.6,0,0.5,2.1,26.5
87,South Scotland,2019-05-16T06:30Z,2019-05-16T07:00Z,37,very low,6.2,0.0,0.0,8.0,55.7,0,0.6,3.0,26.5
88,South Scotland,2019-05-16T07:00Z,2019-05-16T07:30Z,33,very low,6.1,0.0,0.0,6.8,54.5,0,0.5,3.9,28.2
89,South Scotland,2019-05-16T07:30Z,2019-05-16T08:00Z,28,very low,6.0,0.0,0.0,5.7,53.9,0,0.3,4.8,29.3
90,South Scotland,2019-05-16T08:00Z,2019-05-16T08:30Z,26,very low,5.6,0.0,0.0,5.2,53.0,0,0.1,5.7,30.4
91,South Scotland,2019-05-16T08:30Z,2019-05-16T09:00Z,24,very low,3.9,0.0,0.0,5.0,53.5,0,0.1,6.6,30.9
92,South Scotland,2019-05-16T09:00Z,2019-05-16T09:30Z,23,very low,3.4,0.0,0.0,5.0,49.6,0,0.2,7.1,34.7
93,South Scotland,2019-05-16T09:30Z,2019-05-16T10:00Z,23,very low,3.2,0.0,0.0,5.2,46.9,0,0.1,7.4,37.2
94,South Scotland,2019-05-16T10:00Z,2019-05-16T10:30Z,20,very low,1.5,0.0,0.0,4.8,44.9,0,0.1,9.1,39.6
95,South Scotland,2019-05-16T10:30Z,2019-05-16T11:00Z,21,very low,1.6,0.0,0.0,4.9,45.2,0,0.0,9.4,38.9
96,South Scotland,2019-05-16T11:00Z,2019-05-16T11:30Z,24,very low,2.5,0.0,0.0,5.4,43.6,0,0.0,9.3,39.2
97,South Scotland,2019-05-16T11:30Z,2019-05-16T12:00Z,24,very low,2.7,0.0,0.0,5.4,42.1,0,0.0,9.7,40.1
98,North West England,2019-05-15T11:30Z,2019-05-15T12:00Z,65,low,3.5,0.0,0.0,15.9,70.0,0,0.1,6.2,4.3
99,North West England,2019-05-15T12:00Z,2019-05-15T12:30Z,63,low,3.2,0.0,0.0,15.2,71.1,0,0.1,6.3,4.1
100,North West England,2019-05-15T12:30Z,2019-05-15T13:00Z,64,low,3.6,0.0,0.0,14.8,71.5,0,0.1,6.3,3.7
101,North West England,2019-05-15T13:00Z,2019-05-15T13:30Z,68,low,3.7,0.0,0.0,16.3,69.5,0,0.3,6.0,4.2
102,North West England,2019-05-15T13:30Z,2019-05-15T14:00Z,68,low,3.4,0.0,0.0,16.1,70.7,0,0.3,5.6,3.9
103,North West England,2019-05-15T14:00Z,2019-05-15T14:30Z,72,low,2.3,0.0,0.0,17.8,71.3,0,0.2,5.0,3.4
104,North West England,2019-05-15T14:30Z,2019-05-15T15:00Z,72,low,1.9,0.0,0.0,17.9,72.5,0,0.2,4.4,3.1
105,North West England,2019-05-15T15:00Z,2019-05-15T15:30Z,75,low,1.5,0.0,0.0,18.5,73.5,0,0.1,3.8,2.6
106,North West England,2019-05-15T15:30Z,2019-05-15T16:00Z,78,low,0.9,0.0,0.0,19.8,73.6,0,0.1,3.1,2.5
107,North West England,2019-05-15T16:00Z,2019-05-15T16:30Z,76,low,0.3,0.0,0.0,19.3,75.7,0,0.0,2.5,2.2
108,North West England,2019-05-15T16:30Z,2019-05-15T17:00Z,77,low,1.3,0.0,0.0,19.1,74.8,0,0.1,2.0,2.7
109,North West England,2019-05-15T17:00Z,2019-05-15T17:30Z,80,low,2.1,0.0,0.0,19.6,73.9,0,0.2,1.5,2.7
110,North West England,2019-05-15T17:30Z,2019-05-15T18:00Z,85,low,1.6,0.0,0.0,21.4,73.3,0,0.2,1.0,2.5
111,North West England,2019-05-15T18:00Z,2019-05-15T18:30Z,84,low,1.2,0.0,0.0,21.1,74.6,0,0.1,0.6,2.4
112,North West England,2019-05-15T18:30Z,2019-05-15T19:00Z,82,low,0.9,0.0,0.0,20.9,75.4,0,0.1,0.3,2.4
113,North West England,2019-05-15T19:00Z,2019-05-15T19:30Z,79,low,0.9,0.0,0.0,20.1,76.3,0,0.1,0.1,2.5
114,North West England,2019-05-15T19:30Z,2019-05-15T20:00Z,75,low,0.5,0.0,0.0,19.4,77.7,0,0.0,0.0,2.4
115,North West England,2019-05-15T20:00Z,2019-05-15T20:30Z,70,low,0.3,0.0,0.0,18.2,78.3,0,0.0,0.0,3.2
116,North West England,2019-05-15T20:30Z,2019-05-15T21:00Z,63,low,0.0,0.0,0.0,16.9,79.3,0,0.0,0.0,3.8
117,North West England,2019-05-15T21:00Z,2019-05-15T21:30Z,52,very low,0.0,0.0,0.0,14.0,76.1,0,0.0,0.0,9.9
118,North West England,2019-05-15T21:30Z,2019-05-15T22:00Z,41,very low,0.0,0.0,0.0,10.9,74.5,0,0.0,0.0,14.6
119,North West England,2019-05-15T22:00Z,2019-05-15T22:30Z,35,very low,0.0,0.0,0.0,9.2,71.4,0,0.0,0.0,19.4
120,North West England,2019-05-15T22:30Z,2019-05-15T23:00Z,30,very low,0.0,0.0,0.0,8.1,67.7,0,0.0,0.0,24.2
121,North West England,2019-05-15T23:00Z,2019-05-15T23:30Z,23,very low,0.0,0.0,0.0,6.5,66.9,0,0.0,0.0,26.6
122,North West England,2019-05-15T23:30Z,2019-05-16T00:00Z,18,very low,0.0,0.0,0.0,4.8,66.9,0,0.0,0.0,28.3
123,North West England,2019-05-16T00:00Z,2019-05-16T00:30Z,19,very low,0.0,0.0,0.0,4.8,69.1,0,0.0,0.0,26.1
124,North West England,2019-05-16T00:30Z,2019-05-16T01:00Z,24,very low,0.0,0.0,0.0,5.9,71.4,0,0.0,0.0,22.7
125,North West England,2019-05-16T01:00Z,2019-05-16T01:30Z,28,very low,0.0,0.0,0.0,7.5,72.4,0,0.0,0.0,20.1
126,North West England,2019-05-16T01:30Z,2019-05-16T02:00Z,28,very low,0.0,0.0,0.0,7.2,73.3,0,0.0,0.0,19.5
127,North West England,2019-05-16T02:00Z,2019-05-16T02:30Z,27,very low,0.0,0.0,0.0,7.1,73.4,0,0.0,0.0,19.5
128,North West England,2019-05-16T02:30Z,2019-05-16T03:00Z,38,very low,0.0,0.0,0.0,10.0,66.2,0,0.0,0.0,23.8
129,North West England,2019-05-16T03:00Z,2019-05-16T03:30Z,38,very low,0.0,0.0,0.0,9.9,66.2,0,0.0,0.0,23.9
130,North West England,2019-05-16T03:30Z,2019-05-16T04:00Z,37,very low,0.0,0.0,0.0,9.5,67.1,0,0.0,0.0,23.4
131,North West England,2019-05-16T04:00Z,2019-05-16T04:30Z,37,very low,0.0,0.0,0.0,9.5,65.7,0,0.0,0.0,24.8
132,North West England,2019-05-16T04:30Z,2019-05-16T05:00Z,38,very low,0.0,0.0,0.0,9.8,63.3,0,0.0,0.1,26.8
133,North West England,2019-05-16T05:00Z,2019-05-16T05:30Z,33,very low,0.0,0.0,0.0,8.3,61.3,0,0.0,0.4,30.0
134,North West England,2019-05-16T05:30Z,2019-05-16T06:00Z,39,very low,0.0,0.0,0.0,9.6,58.9,0,0.0,0.7,30.8
135,North West England,2019-05-16T06:00Z,2019-05-16T06:30Z,50,very low,0.0,0.0,0.0,11.9,58.5,0,0.0,1.2,28.4
136,North West England,2019-05-16T06:30Z,2019-05-16T07:00Z,63,low,0.0,0.0,0.0,15.5,55.2,0,0.0,1.7,27.6
137,North West England,2019-05-16T07:00Z,2019-05-16T07:30Z,74,low,0.0,0.0,0.0,17.8,54.4,0,0.0,2.2,25.6
138,North West England,2019-05-16T07:30Z,2019-05-16T08:00Z,85,low,0.0,0.0,0.0,22.0,52.3,0,0.0,2.7,23.0
139,North West England,2019-05-16T08:00Z,2019-05-16T08:30Z,82,low,0.0,0.0,0.0,21.0,52.6,0,0.0,3.3,23.1
140,North West England,2019-05-16T08:30Z,2019-05-16T09:00Z,80,low,0.0,0.0,0.0,20.7,53.6,0,0.0,3.8,21.9
141,North West England,2019-05-16T09:00Z,2019-05-16T09:30Z,79,low,0.0,0.0,0.0,20.1,57.0,0,0.0,3.9,19.0
142,North West England,2019-05-16T09:30Z,2019-05-16T10:00Z,74,low,0.0,0.0,0.0,20.6,58.0,0,0.0,4.2,17.2
143,North West England,2019-05-16T10:00Z,2019-05-16T10:30Z,51,very low,0.0,0.0,0.0,13.8,64.8,0,0.0,4.8,16.6
144,North West England,2019-05-16T10:30Z,2019-05-16T11:00Z,45,very low,0.0,0.0,0.0,10.6,67.2,0,0.0,5.2,17.0
145,North West England,2019-05-16T11:00Z,2019-05-16T11:30Z,55,very low,0.0,0.0,0.0,14.7,63.0,0,0.0,5.2,17.1
146,North West England,2019-05-16T11:30Z,2019-05-16T12:00Z,48,very low,0.0,0.0,0.0,12.5,64.7,0,0.0,5.5,17.3
147,North East England,2019-05-15T11:30Z,2019-05-15T12:00Z,19,very low,16.4,0.0,0.0,0.0,68.5,0,0.0,13.2,1.9
148,North East England,2019-05-15T12:00Z,2019-05-15T12:30Z,19,very low,16.4,0.0,0.0,0.0,68.9,0,0.0,12.6,2.1
149,North East England,2019-05-15T12:30Z,2019-05-15T13:00Z,18,very low,15.6,0.0,0.0,0.0,70.2,0,0.0,12.0,2.2
150,North East England,2019-05-15T13:00Z,2019-05-15T13:30Z,17,very low,14.7,0.0,0.0,0.0,70.9,0,0.0,11.8,2.6
151,North East England,2019-05-15T13:30Z,2019-05-15T14:00Z,16,very low,13.9,0.0,0.0,0.0,71.8,0,0.0,11.4,2.9
152,North East England,2019-05-15T14:00Z,2019-05-15T14:30Z,18,very low,15.7,0.0,0.0,0.0,70.8,0,0.0,10.5,3.0
153,North East England,2019-05-15T14:30Z,2019-05-15T15:00Z,19,very low,16.6,0.0,0.0,0.0,70.7,0,0.0,9.6,3.1
154,North East England,2019-05-15T15:00Z,2019-05-15T15:30Z,19,very low,17.2,0.0,0.0,0.0,71.3,0,0.0,8.5,3.0
155,North East England,2019-05-15T15:30Z,2019-05-15T16:00Z,15,very low,13.4,0.0,0.0,0.0,75.9,0,0.0,7.7,3.0
156,North East England,2019-05-15T16:00Z,2019-05-15T16:30Z,16,very low,12.9,0.0,0.0,0.0,77.3,0,0.0,6.7,3.1
157,North East England,2019-05-15T16:30Z,2019-05-15T17:00Z,23,very low,19.0,0.0,0.0,0.0,73.2,0,0.0,4.9,2.9
158,North East England,2019-05-15T17:00Z,2019-05-15T17:30Z,28,very low,24.3,0.0,0.0,0.0,69.7,0,0.0,3.6,2.4
159,North East England,2019-05-15T17:30Z,2019-05-15T18:00Z,27,very low,23.4,0.0,0.0,0.0,71.7,0,0.0,2.7,2.2
160,North East England,2019-05-15T18:00Z,2019-05-15T18:30Z,26,very low,22.4,0.0,0.0,0.0,73.9,0,0.0,1.7,2.0
161,North East England,2019-05-15T18:30Z,2019-05-15T19:00Z,26,very low,22.4,0.0,0.0,0.0,74.9,0,0.0,1.0,1.7
162,North East England,2019-05-15T19:00Z,2019-05-15T19:30Z,26,very low,22.4,0.0,0.0,0.0,75.4,0,0.0,0.4,1.8
163,North East England,2019-05-15T19:30Z,2019-05-15T20:00Z,27,very low,22.6,0.0,0.0,0.0,75.3,0,0.0,0.1,2.0
164,North East England,2019-05-15T20:00Z,2019-05-15T20:30Z,27,very low,23.0,0.0,0.0,0.0,75.1,0,0.0,0.0,1.9
165,North East England,2019-05-15T20:30Z,2019-05-15T21:00Z,28,very low,23.9,0.0,0.0,0.0,74.2,0,0.0,0.0,1.9
166,North East England,2019-05-15T21:00Z,2019-05-15T21:30Z,29,very low,24.2,0.0,0.0,0.0,73.9,0,0.0,0.0,1.9
167,North East England,2019-05-15T21:30Z,2019-05-15T22:00Z,29,very low,24.6,0.0,0.0,0.0,73.5,0,0.0,0.0,1.9
168,North East England,2019-05-15T22:00Z,2019-05-15T22:30Z,30,very low,24.7,0.0,0.0,0.0,73.4,0,0.0,0.0,1.9
169,North East England,2019-05-15T22:30Z,2019-05-15T23:00Z,33,very low,27.2,0.0,0.0,0.0,70.8,0,0.0,0.0,2.0
170,North East England,2019-05-15T23:00Z,2019-05-15T23:30Z,37,very low,31.3,0.0,0.0,0.0,67.0,0,0.0,0.0,1.7
171,North East England,2019-05-15T23:30Z,2019-05-16T00:00Z,38,very low,31.7,0.0,0.0,0.0,66.6,0,0.0,0.0,1.7
172,North East England,2019-05-16T00:00Z,2019-05-16T00:30Z,38,very low,31.8,0.0,0.0,0.0,66.6,0,0.0,0.0,1.6
173,North East England,2019-05-16T00:30Z,2019-05-16T01:00Z,37,very low,31.6,0.0,0.0,0.0,66.9,0,0.0,0.0,1.5
174,North East England,2019-05-16T01:00Z,2019-05-16T01:30Z,37,very low,31.3,0.0,0.0,0.0,67.2,0,0.0,0.0,1.5
175,North East England,2019-05-16T01:30Z,2019-05-16T02:00Z,37,very low,31.4,0.0,0.0,0.0,67.2,0,0.0,0.0,1.4
176,North East England,2019-05-16T02:00Z,2019-05-16T02:30Z,37,very low,31.6,0.0,0.0,0.0,67.0,0,0.0,0.0,1.4
177,North East England,2019-05-16T02:30Z,2019-05-16T03:00Z,36,very low,31.0,0.0,0.0,0.0,67.2,0,0.0,0.0,1.8
178,North East England,2019-05-16T03:00Z,2019-05-16T03:30Z,36,very low,30.7,0.0,0.0,0.0,67.9,0,0.0,0.0,1.4
179,North East England,2019-05-16T03:30Z,2019-05-16T04:00Z,36,very low,30.7,0.0,0.0,0.0,68.3,0,0.0,0.0,1.0
180,North East England,2019-05-16T04:00Z,2019-05-16T04:30Z,36,very low,30.7,0.0,0.0,0.0,68.2,0,0.0,0.1,1.0
181,North East England,2019-05-16T04:30Z,2019-05-16T05:00Z,36,very low,30.9,0.0,0.0,0.0,67.7,0,0.0,0.5,0.9
182,North East England,2019-05-16T05:00Z,2019-05-16T05:30Z,35,very low,30.0,0.0,0.0,0.0,67.8,0,0.0,1.4,0.8
183,North East England,2019-05-16T05:30Z,2019-05-16T06:00Z,35,very low,30.0,0.0,0.0,0.0,66.6,0,0.0,2.5,0.9
184,North East England,2019-05-16T06:00Z,2019-05-16T06:30Z,35,very low,29.6,0.0,0.0,0.0,65.6,0,0.0,3.6,1.2
185,North East England,2019-05-16T06:30Z,2019-05-16T07:00Z,34,very low,28.9,0.0,0.0,0.0,64.6,0,0.0,4.9,1.6
186,North East England,2019-05-16T07:00Z,2019-05-16T07:30Z,32,very low,28.0,0.0,0.0,0.0,64.2,0,0.0,6.0,1.8
187,North East England,2019-05-16T07:30Z,2019-05-16T08:00Z,30,very low,26.0,0.0,0.0,0.0,64.9,0,0.0,7.1,2.0
188,North East England,2019-05-16T08:00Z,2019-05-16T08:30Z,27,very low,24.4,0.0,0.0,0.0,64.6,0,0.0,8.6,2.4
189,North East England,2019-05-16T08:30Z,2019-05-16T09:00Z,24,very low,20.3,0.0,0.0,0.0,67.2,0,0.0,9.8,2.7
190,North East England,2019-05-16T09:00Z,2019-05-16T09:30Z,24,very low,20.7,0.0,0.0,0.0,64.4,0,0.0,11.4,3.5
191,North East England,2019-05-16T09:30Z,2019-05-16T10:00Z,26,very low,21.0,0.0,0.0,0.0,62.8,0,0.0,12.0,4.2
192,North East England,2019-05-16T10:00Z,2019-05-16T10:30Z,31,very low,26.4,0.0,0.0,0.0,56.5,0,0.0,12.6,4.5
193,North East England,2019-05-16T10:30Z,2019-05-16T11:00Z,31,very low,26.8,0.0,0.0,0.0,54.9,0,0.0,13.2,5.1
194,North East England,2019-05-16T11:00Z,2019-05-16T11:30Z,30,very low,25.9,0.0,0.0,0.0,58.0,0,0.0,11.4,4.7
195,North East England,2019-05-16T11:30Z,2019-05-16T12:00Z,29,very low,25.1,0.0,0.0,0.0,58.6,0,0.0,11.3,5.0
196,Yorkshire,2019-05-15T11:30Z,2019-05-15T12:00Z,248,moderate,39.4,0.0,0.0,51.7,0.0,0,0.0,6.9,2.0
197,Yorkshire,2019-05-15T12:00Z,2019-05-15T12:30Z,241,moderate,41.1,0.0,0.0,49.4,0.0,0,0.0,7.2,2.3
198,Yorkshire,2019-05-15T12:30Z,2019-05-15T13:00Z,233,moderate,43.5,0.0,0.0,46.4,0.0,0,0.0,7.5,2.6
199,Yorkshire,2019-05-15T13:00Z,2019-05-15T13:30Z,234,moderate,44.1,0.2,0.0,45.4,0.0,0,0.0,7.4,2.9
200,Yorkshire,2019-05-15T13:30Z,2019-05-15T14:00Z,238,moderate,43.4,0.3,0.0,46.5,0.0,0,0.0,6.9,2.9
201,Yorkshire,2019-05-15T14:00Z,2019-05-15T14:30Z,240,moderate,42.5,0.1,0.0,47.8,0.0,0,0.0,6.4,3.2
202,Yorkshire,2019-05-15T14:30Z,2019-05-15T15:00Z,244,moderate,41.7,0.2,0.0,49.0,0.0,0,0.0,5.7,3.4
203,Yorkshire,2019-05-15T15:00Z,2019-05-15T15:30Z,250,moderate,41.9,0.0,0.0,49.6,0.0,0,0.0,5.0,3.5
204,Yorkshire,2019-05-15T15:30Z,2019-05-15T16:00Z,278,high,30.7,0.0,0.0,60.7,0.0,0,0.0,4.7,3.9
205,Yorkshire,2019-05-15T16:00Z,2019-05-15T16:30Z,282,high,27.6,0.0,0.0,64.0,0.0,0,0.0,4.1,4.3
206,Yorkshire,2019-05-15T16:30Z,2019-05-15T17:00Z,268,high,34.1,0.0,0.0,58.2,0.0,0,0.0,3.2,4.5
207,Yorkshire,2019-05-15T17:00Z,2019-05-15T17:30Z,260,high,39.3,0.1,0.0,54.1,0.0,0,0.0,2.3,4.2
208,Yorkshire,2019-05-15T17:30Z,2019-05-15T18:00Z,257,moderate,41.3,0.0,0.0,52.8,0.0,0,0.0,1.6,4.3
209,Yorkshire,2019-05-15T18:00Z,2019-05-15T18:30Z,258,moderate,42.5,0.0,0.0,52.0,0.0,0,0.0,1.1,4.4
210,Yorkshire,2019-05-15T18:30Z,2019-05-15T19:00Z,263,high,40.9,0.1,0.0,54.2,0.0,0,0.0,0.6,4.2
211,Yorkshire,2019-05-15T19:00Z,2019-05-15T19:30Z,264,high,41.6,0.2,0.0,53.9,0.0,0,0.0,0.2,4.1
212,Yorkshire,2019-05-15T19:30Z,2019-05-15T20:00Z,266,high,41.4,0.2,0.0,54.6,0.0,0,0.0,0.0,3.8
213,Yorkshire,2019-05-15T20:00Z,2019-05-15T20:30Z,267,high,40.8,0.0,0.0,55.4,0.0,0,0.0,0.0,3.8
214,Yorkshire,2019-05-15T20:30Z,2019-05-15T21:00Z,266,high,40.9,0.2,0.0,55.1,0.0,0,0.0,0.0,3.8
215,Yorkshire,2019-05-15T21:00Z,2019-05-15T21:30Z,258,moderate,43.6,0.1,0.0,52.5,0.0,0,0.0,0.0,3.8
216,Yorkshire,2019-05-15T21:30Z,2019-05-15T22:00Z,246,moderate,47.7,0.0,0.0,48.6,0.0,0,0.0,0.0,3.7
217,Yorkshire,2019-05-15T22:00Z,2019-05-15T22:30Z,235,moderate,51.7,0.0,0.0,44.7,0.0,0,0.0,0.0,3.6
218,Yorkshire,2019-05-15T22:30Z,2019-05-15T23:00Z,224,moderate,56.1,0.0,0.0,40.0,0.0,0,0.0,0.0,3.9
219,Yorkshire,2019-05-15T23:00Z,2019-05-15T23:30Z,221,moderate,56.8,0.0,0.0,39.1,0.0,0,0.0,0.0,4.1
220,Yorkshire,2019-05-15T23:30Z,2019-05-16T00:00Z,219,moderate,55.4,0.0,0.0,37.8,3.0,0,0.0,0.0,3.8
221,Yorkshire,2019-05-16T00:00Z,2019-05-16T00:30Z,229,moderate,54.2,0.0,0.0,41.6,0.0,0,0.0,0.0,4.2
222,Yorkshire,2019-05-16T00:30Z,2019-05-16T01:00Z,237,moderate,51.9,0.0,0.0,43.7,0.0,0,0.0,0.0,4.4
223,Yorkshire,2019-05-16T01:00Z,2019-05-16T01:30Z,247,moderate,47.8,0.0,0.0,48.2,0.0,0,0.0,0.0,4.0
224,Yorkshire,2019-05-16T01:30Z,2019-05-16T02:00Z,247,moderate,47.2,0.0,0.0,48.8,0.0,0,0.0,0.0,4.0
225,Yorkshire,2019-05-16T02:00Z,2019-05-16T02:30Z,247,moderate,47.3,0.0,0.0,48.5,0.0,0,0.0,0.0,4.2
226,Yorkshire,2019-05-16T02:30Z,2019-05-16T03:00Z,244,moderate,46.6,0.0,0.0,47.8,0.0,0,0.0,0.0,5.6
227,Yorkshire,2019-05-16T03:00Z,2019-05-16T03:30Z,245,moderate,46.3,0.0,0.0,47.9,0.0,0,0.0,0.0,5.8
228,Yorkshire,2019-05-16T03:30Z,2019-05-16T04:00Z,246,moderate,44.9,0.0,0.0,49.0,0.0,0,0.0,0.0,6.1
229,Yorkshire,2019-05-16T04:00Z,2019-05-16T04:30Z,246,moderate,45.2,0.0,0.0,49.2,0.0,0,0.0,0.0,5.6
230,Yorkshire,2019-05-16T04:30Z,2019-05-16T05:00Z,247,moderate,46.3,0.0,0.0,48.4,0.0,0,0.0,0.3,5.0
231,Yorkshire,2019-05-16T05:00Z,2019-05-16T05:30Z,259,moderate,43.0,0.0,0.0,52.0,0.0,0,0.0,0.6,4.4
232,Yorkshire,2019-05-16T05:30Z,2019-05-16T06:00Z,274,high,36.8,0.0,0.0,58.3,0.0,0,0.0,1.0,3.9
233,Yorkshire,2019-05-16T06:00Z,2019-05-16T06:30Z,284,high,37.0,2.2,0.0,55.5,0.0,0,0.0,1.5,3.8
234,Yorkshire,2019-05-16T06:30Z,2019-05-16T07:00Z,287,high,35.5,3.1,0.0,54.9,0.0,0,0.0,2.2,4.3
235,Yorkshire,2019-05-16T07:00Z,2019-05-16T07:30Z,281,high,36.8,3.9,0.0,51.9,0.0,0,0.0,2.9,4.5
236,Yorkshire,2019-05-16T07:30Z,2019-05-16T08:00Z,270,high,37.8,2.2,0.0,52.0,0.0,0,0.0,3.5,4.5
237,Yorkshire,2019-05-16T08:00Z,2019-05-16T08:30Z,266,high,35.3,1.0,0.0,55.4,0.0,0,0.0,4.0,4.3
238,Yorkshire,2019-05-16T08:30Z,2019-05-16T09:00Z,262,high,37.6,1.1,0.0,51.4,0.0,0,0.0,5.1,4.8
239,Yorkshire,2019-05-16T09:00Z,2019-05-16T09:30Z,267,high,37.5,4.6,0.0,47.4,0.0,0,0.0,5.6,4.9
240,Yorkshire,2019-05-16T09:30Z,2019-05-16T10:00Z,240,moderate,38.8,0.1,0.0,49.9,0.0,0,0.0,6.1,5.1
241,Yorkshire,2019-05-16T10:00Z,2019-05-16T10:30Z,229,moderate,41.3,0.0,0.0,45.6,0.0,0,0.0,7.3,5.8
242,Yorkshire,2019-05-16T10:30Z,2019-05-16T11:00Z,232,moderate,40.8,0.0,0.0,45.8,0.0,0,0.0,7.4,6.0
243,Yorkshire,2019-05-16T11:00Z,2019-05-16T11:30Z,242,moderate,36.8,0.1,0.0,49.9,0.0,0,0.0,7.1,6.1
244,Yorkshire,2019-05-16T11:30Z,2019-05-16T12:00Z,243,moderate,35.4,0.0,0.0,51.3,0.0,0,0.0,7.1,6.2
245,North Wales and Merseyside,2019-05-15T11:30Z,2019-05-15T12:00Z,165,moderate,4.1,0.0,0.0,41.6,1.2,0,1.3,31.0,20.8
246,North Wales and Merseyside,2019-05-15T12:00Z,2019-05-15T12:30Z,158,low,3.5,0.0,0.0,39.3,1.1,0,1.4,32.2,22.5
247,North Wales and Merseyside,2019-05-15T12:30Z,2019-05-15T13:00Z,158,low,3.9,0.0,0.0,38.7,1.1,0,1.4,31.9,23.0
248,North Wales and Merseyside,2019-05-15T13:00Z,2019-05-15T13:30Z,163,moderate,3.0,0.0,0.0,40.4,0.9,0,1.3,30.7,23.7
249,North Wales and Merseyside,2019-05-15T13:30Z,2019-05-15T14:00Z,167,moderate,3.4,0.0,0.0,41.3,1.2,0,1.5,28.8,23.8
250,North Wales and Merseyside,2019-05-15T14:00Z,2019-05-15T14:30Z,172,moderate,3.8,0.0,0.0,42.3,2.1,0,1.8,26.4,23.6
251,North Wales and Merseyside,2019-05-15T14:30Z,2019-05-15T15:00Z,180,moderate,3.8,0.0,0.0,44.2,2.4,0,2.1,24.2,23.3
252,North Wales and Merseyside,2019-05-15T15:00Z,2019-05-15T15:30Z,191,moderate,5.2,0.0,0.0,45.9,2.9,0,1.8,21.2,23.0
253,North Wales and Merseyside,2019-05-15T15:30Z,2019-05-15T16:00Z,212,moderate,4.1,0.0,0.0,51.5,2.4,0,1.6,17.7,22.7
254,North Wales and Merseyside,2019-05-15T16:00Z,2019-05-15T16:30Z,231,moderate,3.5,0.0,0.0,57.4,1.6,0,1.8,14.5,21.2
255,North Wales and Merseyside,2019-05-15T16:30Z,2019-05-15T17:00Z,233,moderate,5.0,0.0,0.0,57.7,2.3,0,2.0,11.5,21.5
256,North Wales and Merseyside,2019-05-15T17:00Z,2019-05-15T17:30Z,231,moderate,6.3,0.0,0.0,56.9,2.5,0,4.8,9.2,20.3
257,North Wales and Merseyside,2019-05-15T17:30Z,2019-05-15T18:00Z,232,moderate,6.2,0.0,0.0,56.9,1.9,0,9.0,7.1,18.9
258,North Wales and Merseyside,2019-05-15T18:00Z,2019-05-15T18:30Z,235,moderate,7.1,0.0,0.0,57.6,1.5,0,9.7,4.9,19.2
259,North Wales and Merseyside,2019-05-15T18:30Z,2019-05-15T19:00Z,231,moderate,6.5,0.0,0.0,57.4,0.7,0,14.0,2.7,18.7
260,North Wales and Merseyside,2019-05-15T19:00Z,2019-05-15T19:30Z,228,moderate,7.2,0.0,0.0,54.2,1.0,0,15.7,1.1,20.8
261,North Wales and Merseyside,2019-05-15T19:30Z,2019-05-15T20:00Z,248,moderate,11.0,0.1,0.0,59.7,1.3,0,5.8,0.2,21.9
262,North Wales and Merseyside,2019-05-15T20:00Z,2019-05-15T20:30Z,247,moderate,10.6,0.0,0.0,59.8,1.6,0,4.0,0.1,23.9
263,North Wales and Merseyside,2019-05-15T20:30Z,2019-05-15T21:00Z,238,moderate,9.1,0.0,0.0,58.7,2.5,0,4.0,0.0,25.7
264,North Wales and Merseyside,2019-05-15T21:00Z,2019-05-15T21:30Z,219,moderate,8.3,0.0,0.0,54.1,4.7,0,4.3,0.0,28.6
265,North Wales and Merseyside,2019-05-15T21:30Z,2019-05-15T22:00Z,197,moderate,7.9,0.0,0.0,48.8,7.2,0,4.7,0.0,31.4
266,North Wales and Merseyside,2019-05-15T22:00Z,2019-05-15T22:30Z,175,moderate,7.9,0.0,0.1,43.5,9.6,0,5.0,0.0,33.9
267,North Wales and Merseyside,2019-05-15T22:30Z,2019-05-15T23:00Z,152,low,6.3,0.0,1.3,36.3,13.5,0,4.0,0.0,38.6
268,North Wales and Merseyside,2019-05-15T23:00Z,2019-05-15T23:30Z,138,low,3.7,0.0,0.0,34.3,15.0,0,3.8,0.0,43.2
269,North Wales and Merseyside,2019-05-15T23:30Z,2019-05-16T00:00Z,133,low,2.6,0.0,0.0,32.9,14.3,0,2.5,0.0,47.7
270,North Wales and Merseyside,2019-05-16T00:00Z,2019-05-16T00:30Z,130,low,2.1,0.0,0.4,31.9,14.5,0,3.1,0.0,48.0
271,North Wales and Merseyside,2019-05-16T00:30Z,2019-05-16T01:00Z,137,low,1.9,0.0,0.4,33.2,13.8,0,4.2,0.0,46.5
272,North Wales and Merseyside,2019-05-16T01:00Z,2019-05-16T01:30Z,150,low,1.9,0.0,0.3,37.3,13.4,0,4.6,0.0,42.5
273,North Wales and Merseyside,2019-05-16T01:30Z,2019-05-16T02:00Z,150,low,2.0,0.0,0.3,37.4,14.4,0,2.7,0.0,43.2
274,North Wales and Merseyside,2019-05-16T02:00Z,2019-05-16T02:30Z,148,low,2.1,0.0,0.2,36.9,14.5,0,2.5,0.0,43.8
275,North Wales and Merseyside,2019-05-16T02:30Z,2019-05-16T03:00Z,140,low,2.4,0.0,0.1,35.7,15.1,0,2.8,0.0,43.9
276,North Wales and Merseyside,2019-05-16T03:00Z,2019-05-16T03:30Z,130,low,2.6,0.0,0.0,32.7,15.6,0,3.0,0.0,46.1
277,North Wales and Merseyside,2019-05-16T03:30Z,2019-05-16T04:00Z,124,low,2.2,0.0,0.0,30.9,14.6,0,5.1,0.0,47.2
278,North Wales and Merseyside,2019-05-16T04:00Z,2019-05-16T04:30Z,135,low,1.9,0.0,0.4,31.5,13.2,0,6.7,0.1,46.2
279,North Wales and Merseyside,2019-05-16T04:30Z,2019-05-16T05:00Z,189,moderate,1.1,0.0,12.0,31.9,7.8,0,3.7,1.4,42.1
280,North Wales and Merseyside,2019-05-16T05:00Z,2019-05-16T05:30Z,238,moderate,0.1,0.0,14.7,42.6,0.5,0,0.2,4.2,37.7
281,North Wales and Merseyside,2019-05-16T05:30Z,2019-05-16T06:00Z,246,moderate,0.0,0.0,14.2,44.1,0.0,0,0.0,7.2,34.5
282,North Wales and Merseyside,2019-05-16T06:00Z,2019-05-16T06:30Z,262,high,0.0,9.0,1.7,44.7,0.0,0,0.0,10.9,33.7
283,North Wales and Merseyside,2019-05-16T06:30Z,2019-05-16T07:00Z,239,moderate,0.0,8.1,0.0,43.6,0.0,0,0.0,14.0,34.3
284,North Wales and Merseyside,2019-05-16T07:00Z,2019-05-16T07:30Z,207,moderate,0.0,4.1,0.0,45.3,0.0,0,1.2,16.5,32.9
285,North Wales and Merseyside,2019-05-16T07:30Z,2019-05-16T08:00Z,181,moderate,0.7,2.5,0.0,40.3,2.5,0,2.3,18.2,33.5
286,North Wales and Merseyside,2019-05-16T08:00Z,2019-05-16T08:30Z,165,moderate,0.5,1.5,0.0,40.6,1.3,0,3.1,21.0,32.0
287,North Wales and Merseyside,2019-05-16T08:30Z,2019-05-16T09:00Z,135,low,0.6,0.0,0.0,35.5,2.4,0,3.6,24.2,33.7
288,North Wales and Merseyside,2019-05-16T09:00Z,2019-05-16T09:30Z,117,low,0.7,0.1,0.0,30.4,4.0,0,2.7,26.6,35.5
289,North Wales and Merseyside,2019-05-16T09:30Z,2019-05-16T10:00Z,100,low,0.9,0.0,0.0,26.1,5.8,0,2.8,27.4,37.0
290,North Wales and Merseyside,2019-05-16T10:00Z,2019-05-16T10:30Z,88,low,0.8,0.0,0.0,22.3,6.2,0,2.8,31.2,36.7
291,North Wales and Merseyside,2019-05-16T10:30Z,2019-05-16T11:00Z,93,low,0.6,0.0,0.0,22.7,5.7,0,3.2,32.7,35.1
292,North Wales and Merseyside,2019-05-16T11:00Z,2019-05-16T11:30Z,104,low,0.6,0.0,0.0,26.6,5.3,0,2.0,32.3,33.2
293,North Wales and Merseyside,2019-05-16T11:30Z,2019-05-16T12:00Z,104,low,0.8,0.0,0.0,25.6,5.5,0,2.3,32.8,33.0
294,South Wales,2019-05-15T11:30Z,2019-05-15T12:00Z,309,high,0.0,0.0,0.0,78.6,0.0,0,0.0,18.0,3.4
295,South Wales,2019-05-15T12:00Z,2019-05-15T12:30Z,310,high,0.0,0.0,0.0,79.0,0.0,0,0.0,17.7,3.3
296,South Wales,2019-05-15T12:30Z,2019-05-15T13:00Z,310,high,0.0,0.0,0.0,78.2,0.0,0,0.0,18.4,3.4
297,South Wales,2019-05-15T13:00Z,2019-05-15T13:30Z,319,high,0.0,0.0,0.0,80.8,0.0,0,0.0,16.1,3.1
298,South Wales,2019-05-15T13:30Z,2019-05-15T14:00Z,326,high,0.0,0.0,0.0,82.4,0.0,0,0.0,14.5,3.1
299,South Wales,2019-05-15T14:00Z,2019-05-15T14:30Z,335,high,0.0,0.0,0.0,84.9,0.0,0,0.0,12.3,2.8
300,South Wales,2019-05-15T14:30Z,2019-05-15T15:00Z,342,high,0.0,0.0,0.0,86.8,0.0,0,0.0,10.7,2.5
301,South Wales,2019-05-15T15:00Z,2019-05-15T15:30Z,349,high,0.0,0.0,0.0,88.4,0.0,0,0.0,9.2,2.4
302,South Wales,2019-05-15T15:30Z,2019-05-15T16:00Z,356,high,0.0,0.0,0.0,90.4,0.0,0,0.0,7.6,2.0
303,South Wales,2019-05-15T16:00Z,2019-05-15T16:30Z,358,high,0.0,0.0,0.0,91.0,0.0,0,0.0,6.9,2.1
304,South Wales,2019-05-15T16:30Z,2019-05-15T17:00Z,361,very high,0.0,0.0,0.0,91.4,0.0,0,0.0,6.4,2.2
305,South Wales,2019-05-15T17:00Z,2019-05-15T17:30Z,364,very high,0.0,0.0,0.0,92.4,0.0,0,0.0,5.5,2.1
306,South Wales,2019-05-15T17:30Z,2019-05-15T18:00Z,368,very high,0.0,0.0,0.0,93.2,0.0,0,0.0,4.5,2.3
307,South Wales,2019-05-15T18:00Z,2019-05-15T18:30Z,373,very high,0.0,0.0,0.0,94.6,0.0,0,0.0,3.0,2.4
308,South Wales,2019-05-15T18:30Z,2019-05-15T19:00Z,376,very high,0.0,0.0,0.0,95.7,0.0,0,0.0,1.6,2.7
309,South Wales,2019-05-15T19:00Z,2019-05-15T19:30Z,378,very high,0.0,0.0,0.0,96.2,0.0,0,0.0,0.6,3.2
310,South Wales,2019-05-15T19:30Z,2019-05-15T20:00Z,378,very high,0.0,0.0,0.0,96.4,0.0,0,0.0,0.1,3.5
311,South Wales,2019-05-15T20:00Z,2019-05-15T20:30Z,376,very high,0.0,0.0,0.0,95.7,0.0,0,0.0,0.0,4.3
312,South Wales,2019-05-15T20:30Z,2019-05-15T21:00Z,372,very high,0.0,0.0,0.0,94.8,0.0,0,0.0,0.0,5.2
313,South Wales,2019-05-15T21:00Z,2019-05-15T21:30Z,368,very high,0.0,0.0,0.0,93.9,0.0,0,0.0,0.0,6.1
314,South Wales,2019-05-15T21:30Z,2019-05-15T22:00Z,363,very high,0.0,0.0,0.0,92.4,0.0,0,0.0,0.0,7.6
315,South Wales,2019-05-15T22:00Z,2019-05-15T22:30Z,358,high,0.0,0.0,0.0,91.6,0.0,0,0.0,0.0,8.4
316,South Wales,2019-05-15T22:30Z,2019-05-15T23:00Z,352,high,0.0,0.0,0.0,89.7,0.0,0,0.0,0.0,10.3
317,South Wales,2019-05-15T23:00Z,2019-05-15T23:30Z,350,high,0.0,0.0,0.0,88.8,0.0,0,0.0,0.0,11.2
318,South Wales,2019-05-15T23:30Z,2019-05-16T00:00Z,349,high,0.0,0.0,0.0,88.5,0.0,0,0.0,0.0,11.5
319,South Wales,2019-05-16T00:00Z,2019-05-16T00:30Z,353,high,0.0,0.0,0.0,89.7,0.0,0,0.0,0.0,10.3
320,South Wales,2019-05-16T00:30Z,2019-05-16T01:00Z,357,high,0.0,0.0,0.0,90.4,0.0,0,0.0,0.0,9.6
321,South Wales,2019-05-16T01:00Z,2019-05-16T01:30Z,363,very high,0.0,0.0,0.0,92.3,0.0,0,0.0,0.0,7.7
322,South Wales,2019-05-16T01:30Z,2019-05-16T02:00Z,364,very high,0.0,0.0,0.0,92.6,0.0,0,0.0,0.0,7.4
323,South Wales,2019-05-16T02:00Z,2019-05-16T02:30Z,365,very high,0.0,0.0,0.0,92.8,0.0,0,0.0,0.0,7.2
324,South Wales,2019-05-16T02:30Z,2019-05-16T03:00Z,287,high,2.0,0.0,4.7,72.1,7.4,0,0.8,0.0,13.0
325,South Wales,2019-05-16T03:00Z,2019-05-16T03:30Z,255,moderate,3.4,0.0,5.4,63.4,11.1,0,1.2,0.0,15.5
326,South Wales,2019-05-16T03:30Z,2019-05-16T04:00Z,219,moderate,4.6,0.0,5.0,53.6,15.4,0,3.0,0.0,18.4
327,South Wales,2019-05-16T04:00Z,2019-05-16T04:30Z,205,moderate,5.5,0.0,2.0,48.8,17.4,0,5.1,0.1,21.1
328,South Wales,2019-05-16T04:30Z,2019-05-16T05:00Z,225,moderate,4.6,0.0,0.3,53.6,15.2,0,4.5,0.9,20.9
329,South Wales,2019-05-16T05:00Z,2019-05-16T05:30Z,277,high,2.5,0.0,0.2,67.7,8.6,0,2.3,2.4,16.3
330,South Wales,2019-05-16T05:30Z,2019-05-16T06:00Z,313,high,1.0,0.0,0.1,77.2,3.6,0,1.0,4.1,13.0
331,South Wales,2019-05-16T06:00Z,2019-05-16T06:30Z,334,high,0.0,0.0,0.0,84.5,0.0,0,0.0,5.7,9.8
332,South Wales,2019-05-16T06:30Z,2019-05-16T07:00Z,339,high,0.0,0.0,0.0,86.2,0.0,0,0.0,6.0,7.8
333,South Wales,2019-05-16T07:00Z,2019-05-16T07:30Z,338,high,0.0,0.0,0.0,86.9,0.0,0,0.0,6.6,6.5
334,South Wales,2019-05-16T07:30Z,2019-05-16T08:00Z,327,high,0.0,0.0,0.0,83.4,0.0,0,0.0,9.2,7.4
335,South Wales,2019-05-16T08:00Z,2019-05-16T08:30Z,324,high,0.0,0.0,0.0,81.8,0.0,0,0.0,10.4,7.8
336,South Wales,2019-05-16T08:30Z,2019-05-16T09:00Z,327,high,0.0,0.0,0.0,83.5,0.0,0,0.0,9.8,6.7
337,South Wales,2019-05-16T09:00Z,2019-05-16T09:30Z,320,high,0.0,0.0,0.0,82.2,0.0,0,0.0,11.3,6.5
338,South Wales,2019-05-16T09:30Z,2019-05-16T10:00Z,309,high,0.0,0.0,0.0,78.8,0.0,0,0.0,14.0,7.2
339,South Wales,2019-05-16T10:00Z,2019-05-16T10:30Z,301,high,0.0,0.0,0.0,77.1,0.0,0,0.0,15.8,7.1
340,South Wales,2019-05-16T10:30Z,2019-05-16T11:00Z,298,high,0.0,0.0,0.0,75.8,0.0,0,0.0,16.9,7.3
341,South Wales,2019-05-16T11:00Z,2019-05-16T11:30Z,300,high,0.0,0.0,0.0,76.4,0.0,0,0.0,16.7,6.9
342,South Wales,2019-05-16T11:30Z,2019-05-16T12:00Z,303,high,0.0,0.0,0.0,76.7,0.0,0,0.0,16.8,6.5
343,West Midlands,2019-05-15T11:30Z,2019-05-15T12:00Z,232,moderate,10.3,0.2,0.0,55.5,2.9,0,0.2,27.4,3.5
344,West Midlands,2019-05-15T12:00Z,2019-05-15T12:30Z,231,moderate,10.4,0.2,0.0,55.7,2.7,0,0.3,26.4,4.3
345,West Midlands,2019-05-15T12:30Z,2019-05-15T13:00Z,223,moderate,11.0,0.3,1.5,52.2,2.8,0,0.3,27.5,4.4
346,West Midlands,2019-05-15T13:00Z,2019-05-15T13:30Z,225,moderate,9.9,0.3,1.7,53.9,3.0,0,0.5,25.5,5.2
347,West Midlands,2019-05-15T13:30Z,2019-05-15T14:00Z,226,moderate,10.3,0.1,2.9,53.5,4.1,0,0.6,23.1,5.4
348,West Midlands,2019-05-15T14:00Z,2019-05-15T14:30Z,235,moderate,10.3,0.0,2.6,55.8,4.7,0,0.7,20.3,5.6
349,West Midlands,2019-05-15T14:30Z,2019-05-15T15:00Z,245,moderate,11.3,0.0,1.9,58.0,4.6,0,0.9,17.3,6.0
350,West Midlands,2019-05-15T15:00Z,2019-05-15T15:30Z,257,moderate,11.6,0.0,2.4,60.4,4.4,0,0.5,15.5,5.2
351,West Midlands,2019-05-15T15:30Z,2019-05-15T16:00Z,278,high,6.6,0.1,2.8,67.2,4.2,0,0.3,14.2,4.6
352,West Midlands,2019-05-15T16:00Z,2019-05-15T16:30Z,290,high,5.2,0.7,2.4,70.0,3.4,0,0.5,12.3,5.5
353,West Midlands,2019-05-15T16:30Z,2019-05-15T17:00Z,290,high,6.9,1.1,3.8,68.7,3.4,0,0.5,9.7,5.9
354,West Midlands,2019-05-15T17:00Z,2019-05-15T17:30Z,287,high,9.3,0.8,4.9,67.9,3.4,0,0.6,7.2,5.9
355,West Midlands,2019-05-15T17:30Z,2019-05-15T18:00Z,284,high,9.4,0.4,7.1,67.4,3.4,0,0.9,5.1,6.3
356,West Midlands,2019-05-15T18:00Z,2019-05-15T18:30Z,282,high,7.8,0.2,12.3,66.6,2.9,0,0.7,3.3,6.2
357,West Midlands,2019-05-15T18:30Z,2019-05-15T19:00Z,289,high,8.7,0.4,11.7,68.2,1.7,0,1.0,1.8,6.5
358,West Midlands,2019-05-15T19:00Z,2019-05-15T19:30Z,289,high,7.9,0.5,13.8,67.4,1.9,0,1.0,0.7,6.8
359,West Midlands,2019-05-15T19:30Z,2019-05-15T20:00Z,297,high,6.8,0.8,16.0,69.0,1.4,0,0.1,0.1,5.8
360,West Midlands,2019-05-15T20:00Z,2019-05-15T20:30Z,299,high,8.1,1.0,14.4,68.3,1.7,0,0.1,0.0,6.4
361,West Midlands,2019-05-15T20:30Z,2019-05-15T21:00Z,292,high,9.2,1.4,14.9,65.9,1.8,0,0.1,0.0,6.7
362,West Midlands,2019-05-15T21:00Z,2019-05-15T21:30Z,256,moderate,9.0,0.8,20.5,58.7,3.7,0,0.1,0.0,7.2
363,West Midlands,2019-05-15T21:30Z,2019-05-15T22:00Z,213,moderate,7.4,0.0,31.5,47.0,5.7,0,0.2,0.0,8.2
364,West Midlands,2019-05-15T22:00Z,2019-05-15T22:30Z,190,moderate,5.9,0.0,37.9,40.3,7.1,0,0.2,0.0,8.6
365,West Midlands,2019-05-15T22:30Z,2019-05-15T23:00Z,168,moderate,5.1,0.0,40.9,32.6,11.4,0,0.2,0.0,9.8
366,West Midlands,2019-05-15T23:00Z,2019-05-15T23:30Z,152,low,4.5,0.0,32.7,30.9,18.8,0,0.4,0.0,12.7
367,West Midlands,2019-05-15T23:30Z,2019-05-16T00:00Z,136,low,4.7,0.0,26.3,28.3,23.5,0,0.8,0.0,16.4
368,West Midlands,2019-05-16T00:00Z,2019-05-16T00:30Z,127,low,6.8,0.0,10.7,27.0,33.5,0,0.8,0.0,21.2
369,West Midlands,2019-05-16T00:30Z,2019-05-16T01:00Z,132,low,8.6,0.0,1.5,29.2,37.9,0,0.7,0.0,22.1
370,West Midlands,2019-05-16T01:00Z,2019-05-16T01:30Z,145,low,8.8,0.0,0.4,34.2,35.7,0,0.6,0.0,20.3
371,West Midlands,2019-05-16T01:30Z,2019-05-16T02:00Z,143,low,8.6,0.0,0.4,33.3,36.8,0,0.7,0.0,20.2
372,West Midlands,2019-05-16T02:00Z,2019-05-16T02:30Z,137,low,8.7,0.0,0.3,32.5,37.1,0,1.1,0.0,20.3
373,West Midlands,2019-05-16T02:30Z,2019-05-16T03:00Z,130,low,8.1,0.0,18.8,21.5,29.4,0,3.0,0.0,19.2
374,West Midlands,2019-05-16T03:00Z,2019-05-16T03:30Z,127,low,9.0,0.0,14.6,22.9,29.7,0,3.2,0.0,20.6
375,West Midlands,2019-05-16T03:30Z,2019-05-16T04:00Z,118,low,9.0,0.0,9.8,23.0,30.0,0,5.8,0.0,22.4
376,West Midlands,2019-05-16T04:00Z,2019-05-16T04:30Z,114,low,9.5,0.0,3.4,24.5,30.3,0,8.9,0.0,23.4
377,West Midlands,2019-05-16T04:30Z,2019-05-16T05:00Z,110,low,9.3,0.0,0.7,24.4,30.6,0,9.0,0.6,25.4
378,West Midlands,2019-05-16T05:00Z,2019-05-16T05:30Z,113,low,8.7,0.0,0.9,24.8,30.2,0,8.1,1.7,25.6
379,West Midlands,2019-05-16T05:30Z,2019-05-16T06:00Z,124,low,7.8,0.0,0.6,28.2,28.5,0,7.8,3.0,24.1
380,West Midlands,2019-05-16T06:00Z,2019-05-16T06:30Z,137,low,8.2,0.5,0.0,30.3,26.7,0,8.5,4.5,21.3
381,West Midlands,2019-05-16T06:30Z,2019-05-16T07:00Z,160,moderate,6.2,0.5,0.0,35.8,23.5,0,8.0,5.9,20.1
382,West Midlands,2019-05-16T07:00Z,2019-05-16T07:30Z,191,moderate,5.5,0.8,0.0,43.8,17.3,0,7.7,7.0,17.9
383,West Midlands,2019-05-16T07:30Z,2019-05-16T08:00Z,209,moderate,7.1,1.9,0.0,45.4,13.3,0,7.1,8.3,16.9
384,West Midlands,2019-05-16T08:00Z,2019-05-16T08:30Z,222,moderate,8.3,1.7,0.0,49.9,9.2,0,3.6,9.8,17.5
385,West Midlands,2019-05-16T08:30Z,2019-05-16T09:00Z,212,moderate,6.0,1.4,0.0,51.5,9.8,0,2.0,11.7,17.6
386,West Midlands,2019-05-16T09:00Z,2019-05-16T09:30Z,182,moderate,5.4,1.3,0.0,42.8,13.5,0,1.6,13.6,21.8
387,West Midlands,2019-05-16T09:30Z,2019-05-16T10:00Z,169,moderate,5.3,1.2,0.0,38.7,14.9,0,1.3,15.3,23.3
388,West Midlands,2019-05-16T10:00Z,2019-05-16T10:30Z,160,moderate,5.2,1.1,0.0,37.6,15.6,0,1.1,17.4,22.0
389,West Midlands,2019-05-16T10:30Z,2019-05-16T11:00Z,148,low,4.8,1.1,0.0,34.1,17.7,0,1.1,17.3,23.9
390,West Midlands,2019-05-16T11:00Z,2019-05-16T11:30Z,142,low,4.7,0.8,0.0,33.2,19.7,0,0.7,17.5,23.4
391,West Midlands,2019-05-16T11:30Z,2019-05-16T12:00Z,141,low,5.5,0.7,0.0,32.1,19.5,0,0.7,18.4,23.1
392,East Midlands,2019-05-15T11:30Z,2019-05-15T12:00Z,283,high,0.0,1.4,0.0,69.2,0.0,0,0.0,26.3,3.1
393,East Midlands,2019-05-15T12:00Z,2019-05-15T12:30Z,276,high,0.0,1.8,0.0,66.4,0.0,0,0.0,27.9,3.9
394,East Midlands,2019-05-15T12:30Z,2019-05-15T13:00Z,268,high,0.0,2.1,0.0,63.5,0.0,0,0.0,29.5,4.9
395,East Midlands,2019-05-15T13:00Z,2019-05-15T13:30Z,271,high,0.0,3.5,0.0,60.1,0.0,0,0.0,30.6,5.8
396,East Midlands,2019-05-15T13:30Z,2019-05-15T14:00Z,277,high,0.7,8.1,0.0,51.3,0.2,0,0.0,32.6,7.1
397,East Midlands,2019-05-15T14:00Z,2019-05-15T14:30Z,277,high,1.4,7.4,0.1,52.3,0.3,0,0.0,30.5,8.0
398,East Midlands,2019-05-15T14:30Z,2019-05-15T15:00Z,282,high,1.3,7.0,0.0,54.6,0.2,0,0.0,28.0,8.9
399,East Midlands,2019-05-15T15:00Z,2019-05-15T15:30Z,286,high,1.8,5.4,0.1,58.4,0.2,0,0.0,24.8,9.3
400,East Midlands,2019-05-15T15:30Z,2019-05-15T16:00Z,311,high,0.0,4.1,0.0,66.5,0.0,0,0.0,20.3,9.1
401,East Midlands,2019-05-15T16:00Z,2019-05-15T16:30Z,347,high,0.0,7.9,0.0,68.5,0.0,0,0.0,15.2,8.4
402,East Midlands,2019-05-15T16:30Z,2019-05-15T17:00Z,359,high,0.0,7.2,0.0,73.9,0.0,0,0.0,10.8,8.1
403,East Midlands,2019-05-15T17:00Z,2019-05-15T17:30Z,361,very high,0.0,6.0,0.0,77.7,0.0,0,0.0,8.2,8.1
404,East Midlands,2019-05-15T17:30Z,2019-05-15T18:00Z,359,high,0.0,3.8,0.0,82.4,0.0,0,0.0,5.8,8.0
405,East Midlands,2019-05-15T18:00Z,2019-05-15T18:30Z,364,very high,0.0,3.0,0.0,84.7,0.0,0,0.0,4.0,8.3
406,East Midlands,2019-05-15T18:30Z,2019-05-15T19:00Z,376,very high,0.0,3.6,0.0,86.5,0.0,0,0.0,2.1,7.8
407,East Midlands,2019-05-15T19:00Z,2019-05-15T19:30Z,387,very high,0.0,4.3,0.0,87.2,0.0,0,0.0,0.8,7.7
408,East Midlands,2019-05-15T19:30Z,2019-05-15T20:00Z,403,very high,0.0,6.4,0.0,86.8,0.0,0,0.0,0.1,6.7
409,East Midlands,2019-05-15T20:00Z,2019-05-15T20:30Z,412,very high,0.0,7.7,0.0,85.5,0.0,0,0.0,0.0,6.8
410,East Midlands,2019-05-15T20:30Z,2019-05-15T21:00Z,425,very high,0.0,10.3,0.0,83.4,0.0,0,0.0,0.0,6.3
411,East Midlands,2019-05-15T21:00Z,2019-05-15T21:30Z,425,very high,0.0,10.6,0.0,83.0,0.0,0,0.0,0.0,6.4
412,East Midlands,2019-05-15T21:30Z,2019-05-15T22:00Z,372,very high,0.3,7.0,4.9,80.7,0.0,0,0.0,0.0,7.1
413,East Midlands,2019-05-15T22:00Z,2019-05-15T22:30Z,320,high,0.0,0.0,13.8,78.7,0.0,0,0.0,0.0,7.5
414,East Midlands,2019-05-15T22:30Z,2019-05-15T23:00Z,314,high,0.0,0.0,16.0,76.2,0.0,0,0.0,0.0,7.8
415,East Midlands,2019-05-15T23:00Z,2019-05-15T23:30Z,304,high,0.4,0.0,16.6,74.3,0.8,0,0.0,0.0,7.9
416,East Midlands,2019-05-15T23:30Z,2019-05-16T00:00Z,290,high,1.8,0.0,17.9,69.0,3.8,0,0.0,0.0,7.5
417,East Midlands,2019-05-16T00:00Z,2019-05-16T00:30Z,307,high,3.7,0.0,7.1,73.0,7.9,0,0.1,0.0,8.2
418,East Midlands,2019-05-16T00:30Z,2019-05-16T01:00Z,336,high,3.3,0.0,0.9,83.1,4.6,0,0.0,0.0,8.1
419,East Midlands,2019-05-16T01:00Z,2019-05-16T01:30Z,346,high,2.1,0.0,0.0,88.6,1.8,0,0.0,0.0,7.5
420,East Midlands,2019-05-16T01:30Z,2019-05-16T02:00Z,342,high,3.4,0.0,0.0,85.7,3.0,0,0.0,0.0,7.9
421,East Midlands,2019-05-16T02:00Z,2019-05-16T02:30Z,334,high,3.8,0.0,0.0,84.4,3.4,0,0.0,0.0,8.4
422,East Midlands,2019-05-16T02:30Z,2019-05-16T03:00Z,360,very high,0.0,0.0,0.0,91.7,0.0,0,0.0,0.0,8.3
423,East Midlands,2019-05-16T03:00Z,2019-05-16T03:30Z,356,high,0.0,0.0,0.0,90.7,0.0,0,0.0,0.0,9.3
424,East Midlands,2019-05-16T03:30Z,2019-05-16T04:00Z,354,high,0.0,0.0,0.0,90.0,0.0,0,0.0,0.0,10.0
425,East Midlands,2019-05-16T04:00Z,2019-05-16T04:30Z,355,high,0.0,0.0,0.0,90.5,0.0,0,0.0,0.1,9.4
426,East Midlands,2019-05-16T04:30Z,2019-05-16T05:00Z,355,high,0.0,0.0,0.0,90.6,0.0,0,0.0,1.0,8.4
427,East Midlands,2019-05-16T05:00Z,2019-05-16T05:30Z,355,high,0.0,0.0,0.0,90.5,0.0,0,0.0,2.4,7.1
428,East Midlands,2019-05-16T05:30Z,2019-05-16T06:00Z,354,high,0.0,0.0,0.0,90.2,0.0,0,0.0,3.7,6.1
429,East Midlands,2019-05-16T06:00Z,2019-05-16T06:30Z,350,high,0.0,0.8,0.0,87.8,0.0,0,0.0,5.7,5.7
430,East Midlands,2019-05-16T06:30Z,2019-05-16T07:00Z,351,high,0.0,1.3,0.0,84.3,0.0,0,0.0,8.1,6.3
431,East Midlands,2019-05-16T07:00Z,2019-05-16T07:30Z,382,very high,0.0,6.7,0.0,78.9,0.0,0,0.0,9.0,5.4
432,East Midlands,2019-05-16T07:30Z,2019-05-16T08:00Z,404,very high,0.0,14.0,0.0,70.6,0.0,0,0.0,10.4,5.0
433,East Midlands,2019-05-16T08:00Z,2019-05-16T08:30Z,390,very high,0.0,13.0,0.0,68.6,0.0,0,0.0,13.1,5.3
434,East Midlands,2019-05-16T08:30Z,2019-05-16T09:00Z,377,very high,0.0,13.6,0.0,65.2,0.0,0,0.0,15.8,5.4
435,East Midlands,2019-05-16T09:00Z,2019-05-16T09:30Z,363,very high,0.0,10.3,0.0,66.6,0.0,0,0.0,17.5,5.6
436,East Midlands,2019-05-16T09:30Z,2019-05-16T10:00Z,375,very high,0.0,13.8,0.0,63.5,0.0,0,0.0,17.4,5.3
437,East Midlands,2019-05-16T10:00Z,2019-05-16T10:30Z,360,very high,0.0,13.0,0.0,60.0,0.0,0,0.0,21.1,5.9
438,East Midlands,2019-05-16T10:30Z,2019-05-16T11:00Z,369,very high,0.0,15.2,0.0,57.3,0.0,0,0.0,21.5,6.0
439,East Midlands,2019-05-16T11:00Z,2019-05-16T11:30Z,372,very high,0.0,17.7,0.0,52.3,0.0,0,0.0,23.2,6.8
440,East Midlands,2019-05-16T11:30Z,2019-05-16T12:00Z,366,very high,0.0,19.5,0.0,48.1,0.0,0,0.0,25.0,7.4
441,East England,2019-05-15T11:30Z,2019-05-15T12:00Z,114,low,0.0,0.0,0.0,28.8,27.6,0,0.0,38.0,5.6
442,East England,2019-05-15T12:00Z,2019-05-15T12:30Z,123,low,0.0,0.0,0.0,29.8,27.0,0,0.0,36.7,6.5
443,East England,2019-05-15T12:30Z,2019-05-15T13:00Z,144,low,0.0,0.0,0.0,36.3,24.5,0,0.0,32.6,6.6
444,East England,2019-05-15T13:00Z,2019-05-15T13:30Z,148,low,0.0,0.0,0.0,37.5,24.2,0,0.0,31.0,7.3
445,East England,2019-05-15T13:30Z,2019-05-15T14:00Z,153,low,0.0,0.0,0.0,39.0,24.3,0,0.0,28.9,7.8
446,East England,2019-05-15T14:00Z,2019-05-15T14:30Z,156,low,0.0,0.0,0.0,39.7,24.9,0,0.0,26.8,8.6
447,East England,2019-05-15T14:30Z,2019-05-15T15:00Z,161,moderate,0.0,0.0,0.0,40.4,25.4,0,0.0,24.6,9.6
448,East England,2019-05-15T15:00Z,2019-05-15T15:30Z,170,moderate,0.0,0.0,0.0,42.6,25.6,0,0.0,21.8,10.0
449,East England,2019-05-15T15:30Z,2019-05-15T16:00Z,184,moderate,0.0,0.0,0.0,46.6,25.3,0,0.0,18.1,10.0
450,East England,2019-05-15T16:00Z,2019-05-15T16:30Z,186,moderate,0.0,0.0,0.0,47.6,25.7,0,0.0,15.5,11.2
451,East England,2019-05-15T16:30Z,2019-05-15T17:00Z,183,moderate,0.0,0.0,0.0,46.4,27.2,0,0.0,13.0,13.4
452,East England,2019-05-15T17:00Z,2019-05-15T17:30Z,187,moderate,0.0,0.0,0.0,47.3,27.8,0,0.0,10.1,14.8
453,East England,2019-05-15T17:30Z,2019-05-15T18:00Z,191,moderate,0.0,0.0,0.0,48.9,28.0,0,0.0,7.2,15.9
454,East England,2019-05-15T18:00Z,2019-05-15T18:30Z,190,moderate,0.0,0.0,0.0,48.3,28.9,0,0.0,4.7,18.1
455,East England,2019-05-15T18:30Z,2019-05-15T19:00Z,190,moderate,0.0,0.0,0.0,48.4,29.3,0,0.0,2.4,19.9
456,East England,2019-05-15T19:00Z,2019-05-15T19:30Z,189,moderate,0.0,0.0,0.0,48.0,29.6,0,0.0,0.8,21.6
457,East England,2019-05-15T19:30Z,2019-05-15T20:00Z,187,moderate,0.0,0.0,0.0,48.0,30.2,0,0.0,0.1,21.7
458,East England,2019-05-15T20:00Z,2019-05-15T20:30Z,179,moderate,0.0,0.0,0.0,46.6,29.7,0,0.0,0.0,23.7
459,East England,2019-05-15T20:30Z,2019-05-15T21:00Z,165,moderate,0.0,0.0,0.0,42.5,31.6,0,0.0,0.0,25.9
460,East England,2019-05-15T21:00Z,2019-05-15T21:30Z,156,low,0.0,0.0,2.2,39.6,32.7,0,0.0,0.0,25.5
461,East England,2019-05-15T21:30Z,2019-05-15T22:00Z,147,low,0.0,0.0,6.4,36.7,32.8,0,0.0,0.0,24.1
462,East England,2019-05-15T22:00Z,2019-05-15T22:30Z,139,low,0.0,0.0,9.1,33.8,34.0,0,0.0,0.0,23.1
463,East England,2019-05-15T22:30Z,2019-05-15T23:00Z,133,low,0.0,0.0,10.1,31.8,34.8,0,0.0,0.0,23.3
464,East England,2019-05-15T23:00Z,2019-05-15T23:30Z,129,low,0.0,0.0,7.7,31.6,37.1,0,0.0,0.0,23.6
465,East England,2019-05-15T23:30Z,2019-05-16T00:00Z,119,low,0.0,0.0,5.6,30.1,40.8,0,0.0,0.0,23.5
466,East England,2019-05-16T00:00Z,2019-05-16T00:30Z,109,low,0.0,0.0,2.4,27.1,44.7,0,0.0,0.0,25.8
467,East England,2019-05-16T00:30Z,2019-05-16T01:00Z,117,low,0.0,0.0,0.0,29.0,45.3,0,0.0,0.0,25.7
468,East England,2019-05-16T01:00Z,2019-05-16T01:30Z,128,low,0.0,0.0,0.0,32.7,44.2,0,0.0,0.0,23.1
469,East England,2019-05-16T01:30Z,2019-05-16T02:00Z,127,low,0.0,0.0,0.0,32.5,44.5,0,0.0,0.0,23.0
470,East England,2019-05-16T02:00Z,2019-05-16T02:30Z,125,low,0.0,0.0,0.0,32.1,44.8,0,0.0,0.0,23.1
471,East England,2019-05-16T02:30Z,2019-05-16T03:00Z,73,low,0.0,0.0,0.0,18.7,54.4,0,0.0,0.0,26.9
472,East England,2019-05-16T03:00Z,2019-05-16T03:30Z,72,low,0.0,0.0,0.0,18.4,54.3,0,0.0,0.0,27.3
473,East England,2019-05-16T03:30Z,2019-05-16T04:00Z,73,low,0.0,0.0,0.0,18.5,54.0,0,0.0,0.0,27.5
474,East England,2019-05-16T04:00Z,2019-05-16T04:30Z,78,low,0.0,0.0,0.0,19.4,53.6,0,0.0,0.1,26.9
475,East England,2019-05-16T04:30Z,2019-05-16T05:00Z,91,low,0.0,0.0,0.0,22.5,49.6,0,0.0,1.9,26.0
476,East England,2019-05-16T05:00Z,2019-05-16T05:30Z,105,low,0.0,0.0,0.0,26.5,43.2,0,0.0,4.7,25.6
477,East England,2019-05-16T05:30Z,2019-05-16T06:00Z,113,low,0.0,0.0,0.0,28.9,39.0,0,0.0,7.8,24.3
478,East England,2019-05-16T06:00Z,2019-05-16T06:30Z,115,low,0.0,0.0,0.0,29.9,37.3,0,0.0,11.3,21.5
479,East England,2019-05-16T06:30Z,2019-05-16T07:00Z,110,low,0.0,0.0,0.0,28.1,36.1,0,0.0,14.9,20.9
480,East England,2019-05-16T07:00Z,2019-05-16T07:30Z,111,low,0.0,0.0,0.0,28.6,34.2,0,0.0,17.6,19.6
481,East England,2019-05-16T07:30Z,2019-05-16T08:00Z,109,low,0.0,0.0,0.0,28.0,32.8,0,0.0,20.7,18.5
482,East England,2019-05-16T08:00Z,2019-05-16T08:30Z,102,low,0.0,0.0,0.0,26.6,31.1,0,0.0,23.8,18.5
483,East England,2019-05-16T08:30Z,2019-05-16T09:00Z,92,low,0.0,0.0,0.0,24.0,30.8,0,0.0,26.9,18.3
484,East England,2019-05-16T09:00Z,2019-05-16T09:30Z,89,low,0.0,0.0,0.0,22.3,29.7,0,0.0,29.1,18.9
485,East England,2019-05-16T09:30Z,2019-05-16T10:00Z,91,low,0.0,0.0,0.0,23.9,28.1,0,0.0,29.8,18.2
486,East England,2019-05-16T10:00Z,2019-05-16T10:30Z,81,low,0.0,0.0,0.0,20.2,28.0,0,0.0,32.5,19.3
487,East England,2019-05-16T10:30Z,2019-05-16T11:00Z,91,low,0.0,0.0,0.0,22.1,27.0,0,0.0,31.2,19.7
488,East England,2019-05-16T11:00Z,2019-05-16T11:30Z,104,low,0.0,0.0,0.0,26.7,24.3,0,0.0,29.2,19.8
489,East England,2019-05-16T11:30Z,2019-05-16T12:00Z,100,low,0.0,0.0,0.0,25.5,24.4,0,0.0,29.5,20.6
490,South West England,2019-05-15T11:30Z,2019-05-15T12:00Z,88,low,0.0,0.0,0.0,22.7,14.7,0,0.0,60.0,2.6
491,South West England,2019-05-15T12:00Z,2019-05-15T12:30Z,93,low,0.0,0.0,0.0,21.9,15.2,0,0.0,60.3,2.6
492,South West England,2019-05-15T12:30Z,2019-05-15T13:00Z,114,low,0.0,0.0,0.0,28.7,14.4,0,0.0,54.6,2.3
493,South West England,2019-05-15T13:00Z,2019-05-15T13:30Z,119,low,0.0,0.0,0.0,30.0,14.6,0,0.0,53.2,2.2
494,South West England,2019-05-15T13:30Z,2019-05-15T14:00Z,129,low,0.0,0.0,0.0,31.5,15.1,0,0.0,51.3,2.1
495,South West England,2019-05-15T14:00Z,2019-05-15T14:30Z,148,low,0.0,0.0,0.0,37.0,14.7,0,0.0,46.4,1.9
496,South West England,2019-05-15T14:30Z,2019-05-15T15:00Z,161,moderate,0.0,0.0,0.0,40.3,14.8,0,0.0,43.1,1.8
497,South West England,2019-05-15T15:00Z,2019-05-15T15:30Z,177,moderate,0.0,0.0,0.0,44.0,15.1,0,0.0,39.1,1.8
498,South West England,2019-05-15T15:30Z,2019-05-15T16:00Z,196,moderate,0.0,0.0,0.0,49.3,15.3,0,0.0,33.8,1.6
499,South West England,2019-05-15T16:00Z,2019-05-15T16:30Z,206,moderate,0.0,0.0,0.0,52.2,16.2,0,0.0,29.9,1.7
500,South West England,2019-05-15T16:30Z,2019-05-15T17:00Z,212,moderate,0.0,0.0,0.0,53.6,18.1,0,0.0,26.3,2.0
501,South West England,2019-05-15T17:00Z,2019-05-15T17:30Z,218,moderate,0.0,0.0,0.0,55.2,19.9,0,0.0,23.0,1.9
502,South West England,2019-05-15T17:30Z,2019-05-15T18:00Z,224,moderate,0.0,0.0,0.0,56.5,22.1,0,0.0,19.3,2.1
503,South West England,2019-05-15T18:00Z,2019-05-15T18:30Z,235,moderate,0.0,0.0,0.0,58.7,24.5,0,0.0,14.7,2.1
504,South West England,2019-05-15T18:30Z,2019-05-15T19:00Z,251,moderate,0.0,0.0,0.0,63.0,26.3,0,0.0,8.8,1.9
505,South West England,2019-05-15T19:00Z,2019-05-15T19:30Z,262,high,0.0,0.0,0.0,66.1,28.1,0,0.0,3.6,2.2
506,South West England,2019-05-15T19:30Z,2019-05-15T20:00Z,266,high,0.0,0.0,0.9,67.9,28.8,0,0.0,0.5,1.9
507,South West England,2019-05-15T20:00Z,2019-05-15T20:30Z,261,high,0.0,0.0,0.3,66.5,30.7,0,0.0,0.1,2.4
508,South West England,2019-05-15T20:30Z,2019-05-15T21:00Z,252,moderate,0.0,0.0,0.0,64.8,32.8,0,0.0,0.0,2.4
509,South West England,2019-05-15T21:00Z,2019-05-15T21:30Z,236,moderate,0.0,0.0,0.0,60.8,36.3,0,0.0,0.0,2.9
510,South West England,2019-05-15T21:30Z,2019-05-15T22:00Z,220,moderate,0.0,0.0,0.0,56.6,40.2,0,0.0,0.0,3.2
511,South West England,2019-05-15T22:00Z,2019-05-15T22:30Z,209,moderate,0.0,0.0,1.1,52.6,42.6,0,0.0,0.0,3.7
512,South West England,2019-05-15T22:30Z,2019-05-15T23:00Z,209,moderate,0.0,0.0,0.0,53.5,42.6,0,0.0,0.0,3.9
513,South West England,2019-05-15T23:00Z,2019-05-15T23:30Z,197,moderate,0.0,0.0,0.0,51.5,44.4,0,0.0,0.0,4.1
514,South West England,2019-05-15T23:30Z,2019-05-16T00:00Z,170,moderate,0.0,0.0,0.0,45.5,49.7,0,0.0,0.0,4.8
515,South West England,2019-05-16T00:00Z,2019-05-16T00:30Z,142,low,0.0,0.0,3.1,36.0,55.2,0,0.0,0.0,5.7
516,South West England,2019-05-16T00:30Z,2019-05-16T01:00Z,141,low,0.0,0.0,0.0,35.2,59.2,0,0.0,0.0,5.6
517,South West England,2019-05-16T01:00Z,2019-05-16T01:30Z,135,low,0.0,0.0,0.0,38.5,56.3,0,0.0,0.0,5.2
518,South West England,2019-05-16T01:30Z,2019-05-16T02:00Z,127,low,0.1,0.0,0.3,31.2,62.5,0,0.0,0.0,5.9
519,South West England,2019-05-16T02:00Z,2019-05-16T02:30Z,111,low,0.5,0.0,1.7,28.4,63.3,0,0.0,0.0,6.1
520,South West England,2019-05-16T02:30Z,2019-05-16T03:00Z,62,low,0.0,0.0,0.0,16.2,79.9,0,0.0,0.0,3.9
521,South West England,2019-05-16T03:00Z,2019-05-16T03:30Z,62,low,0.0,0.0,0.0,15.7,80.6,0,0.0,0.0,3.7
522,South West England,2019-05-16T03:30Z,2019-05-16T04:00Z,64,low,0.0,0.0,0.0,16.5,80.0,0,0.0,0.0,3.5
523,South West England,2019-05-16T04:00Z,2019-05-16T04:30Z,62,low,0.0,0.0,0.0,15.9,80.5,0,0.0,0.1,3.5
524,South West England,2019-05-16T04:30Z,2019-05-16T05:00Z,66,low,0.0,0.0,0.0,16.5,78.2,0,0.0,2.0,3.3
525,South West England,2019-05-16T05:00Z,2019-05-16T05:30Z,64,low,0.0,0.0,0.0,16.4,73.5,0,0.0,7.0,3.1
526,South West England,2019-05-16T05:30Z,2019-05-16T06:00Z,67,low,0.0,0.0,0.0,17.8,67.2,0,0.0,12.2,2.8
527,South West England,2019-05-16T06:00Z,2019-05-16T06:30Z,59,very low,0.0,0.0,0.0,15.5,64.6,0,0.0,17.1,2.8
528,South West England,2019-05-16T06:30Z,2019-05-16T07:00Z,54,very low,0.0,0.0,0.0,14.2,59.9,0,0.0,23.3,2.6
529,South West England,2019-05-16T07:00Z,2019-05-16T07:30Z,47,very low,0.0,0.0,0.0,12.9,53.0,0,0.0,31.5,2.6
530,South West England,2019-05-16T07:30Z,2019-05-16T08:00Z,39,very low,0.0,0.0,0.0,9.6,49.5,0,0.0,38.4,2.5
531,South West England,2019-05-16T08:00Z,2019-05-16T08:30Z,45,very low,0.0,0.0,0.0,11.7,43.9,0,0.0,41.9,2.5
532,South West England,2019-05-16T08:30Z,2019-05-16T09:00Z,46,very low,0.0,0.0,0.0,11.2,39.4,0,0.0,46.7,2.7
533,South West England,2019-05-16T09:00Z,2019-05-16T09:30Z,45,very low,0.0,0.0,0.0,13.6,28.1,0,0.0,55.4,2.9
534,South West England,2019-05-16T09:30Z,2019-05-16T10:00Z,32,very low,0.0,0.0,0.0,5.6,31.6,0,0.0,59.9,2.9
535,South West England,2019-05-16T10:00Z,2019-05-16T10:30Z,60,low,0.0,0.0,0.0,15.4,20.6,0,0.0,61.4,2.6
536,South West England,2019-05-16T10:30Z,2019-05-16T11:00Z,68,low,0.0,0.0,0.0,15.8,19.8,0,0.0,61.8,2.6
537,South West England,2019-05-16T11:00Z,2019-05-16T11:30Z,82,low,0.0,0.0,0.0,21.9,17.1,0,0.0,58.6,2.4
538,South West England,2019-05-16T11:30Z,2019-05-16T12:00Z,69,low,0.0,0.0,0.0,18.2,17.5,0,0.0,61.7,2.6
539,South England,2019-05-15T11:30Z,2019-05-15T12:00Z,225,moderate,0.0,0.0,0.0,57.6,0.1,0,0.0,41.8,0.5
540,South England,2019-05-15T12:00Z,2019-05-15T12:30Z,222,moderate,0.1,0.0,0.0,56.8,0.3,0,0.0,42.1,0.7
541,South England,2019-05-15T12:30Z,2019-05-15T13:00Z,220,moderate,0.2,0.0,0.7,55.8,0.7,0,0.0,41.7,0.9
542,South England,2019-05-15T13:00Z,2019-05-15T13:30Z,220,moderate,0.3,0.0,1.1,56.1,0.9,0,0.0,40.5,1.1
543,South England,2019-05-15T13:30Z,2019-05-15T14:00Z,210,moderate,0.3,0.0,2.6,54.3,1.4,0,0.0,40.1,1.3
544,South England,2019-05-15T14:00Z,2019-05-15T14:30Z,202,moderate,0.7,0.0,4.8,50.0,2.3,0,0.0,40.5,1.7
545,South England,2019-05-15T14:30Z,2019-05-15T15:00Z,210,moderate,1.2,0.0,5.0,51.4,2.5,0,0.0,38.0,1.9
546,South England,2019-05-15T15:00Z,2019-05-15T15:30Z,226,moderate,1.1,0.0,5.7,54.9,2.5,0,0.1,33.8,1.9
547,South England,2019-05-15T15:30Z,2019-05-15T16:00Z,247,moderate,0.5,0.0,5.3,61.0,2.4,0,0.0,28.9,1.9
548,South England,2019-05-15T16:00Z,2019-05-15T16:30Z,257,moderate,0.5,0.1,5.9,63.6,2.6,0,0.1,24.9,2.3
549,South England,2019-05-15T16:30Z,2019-05-15T17:00Z,262,high,0.8,0.3,10.4,63.7,2.2,0,0.1,19.4,3.1
550,South England,2019-05-15T17:00Z,2019-05-15T17:30Z,266,high,1.3,0.2,14.5,64.2,1.8,0,0.2,14.2,3.6
551,South England,2019-05-15T17:30Z,2019-05-15T18:00Z,272,high,1.1,0.1,18.2,65.7,1.3,0,0.2,9.4,4.0
552,South England,2019-05-15T18:00Z,2019-05-15T18:30Z,272,high,0.5,0.0,23.1,65.2,0.7,0,0.2,5.8,4.5
553,South England,2019-05-15T18:30Z,2019-05-15T19:00Z,275,high,0.6,0.1,24.5,66.1,0.4,0,0.2,3.1,5.0
554,South England,2019-05-15T19:00Z,2019-05-15T19:30Z,275,high,0.4,0.1,26.1,66.0,0.4,0,0.2,1.2,5.6
555,South England,2019-05-15T19:30Z,2019-05-15T20:00Z,278,high,0.3,0.1,27.3,66.1,0.2,0,0.1,0.2,5.7
556,South England,2019-05-15T20:00Z,2019-05-15T20:30Z,277,high,0.5,0.2,28.1,64.5,0.3,0,0.0,0.0,6.4
557,South England,2019-05-15T20:30Z,2019-05-15T21:00Z,275,high,0.6,0.3,29.4,62.8,0.2,0,0.0,0.0,6.7
558,South England,2019-05-15T21:00Z,2019-05-15T21:30Z,259,moderate,0.3,0.1,32.8,59.9,0.1,0,0.0,0.0,6.8
559,South England,2019-05-15T21:30Z,2019-05-15T22:00Z,239,moderate,0.0,0.0,39.1,53.7,0.0,0,0.0,0.0,7.2
560,South England,2019-05-15T22:00Z,2019-05-15T22:30Z,229,moderate,0.0,0.0,42.9,49.9,0.0,0,0.0,0.0,7.2
561,South England,2019-05-15T22:30Z,2019-05-15T23:00Z,227,moderate,0.0,0.0,44.7,47.3,0.6,0,0.0,0.0,7.4
562,South England,2019-05-15T23:00Z,2019-05-15T23:30Z,233,moderate,0.0,0.0,43.0,49.0,0.9,0,0.0,0.0,7.1
563,South England,2019-05-15T23:30Z,2019-05-16T00:00Z,238,moderate,0.0,0.0,42.9,50.5,0.3,0,0.1,0.0,6.2
564,South England,2019-05-16T00:00Z,2019-05-16T00:30Z,256,moderate,0.6,0.0,39.2,53.0,1.2,0,0.1,0.0,5.9
565,South England,2019-05-16T00:30Z,2019-05-16T01:00Z,274,high,3.4,0.0,32.8,52.6,5.7,0,0.1,0.0,5.4
566,South England,2019-05-16T01:00Z,2019-05-16T01:30Z,287,high,6.0,0.0,17.8,62.0,8.8,0,0.1,0.0,5.3
567,South England,2019-05-16T01:30Z,2019-05-16T02:00Z,287,high,6.2,0.0,18.5,61.9,7.9,0,0.1,0.0,5.4
568,South England,2019-05-16T02:00Z,2019-05-16T02:30Z,287,high,6.1,0.0,19.0,61.4,7.9,0,0.2,0.0,5.4
569,South England,2019-05-16T02:30Z,2019-05-16T03:00Z,252,moderate,0.8,0.0,41.7,43.4,8.8,0,0.5,0.0,4.8
570,South England,2019-05-16T03:00Z,2019-05-16T03:30Z,252,moderate,1.2,0.0,40.2,44.0,9.1,0,0.5,0.0,5.0
571,South England,2019-05-16T03:30Z,2019-05-16T04:00Z,254,moderate,1.7,0.0,37.2,45.5,9.9,0,0.8,0.0,4.9
572,South England,2019-05-16T04:00Z,2019-05-16T04:30Z,261,high,3.2,0.0,29.0,50.5,11.2,0,1.1,0.1,4.9
573,South England,2019-05-16T04:30Z,2019-05-16T05:00Z,268,high,5.6,0.0,12.1,60.1,13.4,0,1.0,1.9,5.9
574,South England,2019-05-16T05:00Z,2019-05-16T05:30Z,279,high,5.8,0.0,0.1,68.7,11.6,0,1.4,5.2,7.2
575,South England,2019-05-16T05:30Z,2019-05-16T06:00Z,285,high,4.0,0.0,0.1,71.5,8.7,0,1.2,8.7,5.8
576,South England,2019-05-16T06:00Z,2019-05-16T06:30Z,281,high,3.7,0.3,0.0,70.9,7.1,0,1.1,12.0,4.9
577,South England,2019-05-16T06:30Z,2019-05-16T07:00Z,265,high,3.8,0.4,0.0,65.8,7.7,0,1.2,15.8,5.3
578,South England,2019-05-16T07:00Z,2019-05-16T07:30Z,260,high,3.3,1.0,0.0,62.8,6.5,0,1.1,20.5,4.8
579,South England,2019-05-16T07:30Z,2019-05-16T08:00Z,256,moderate,2.8,1.5,0.0,61.6,5.2,0,0.6,24.8,3.5
580,South England,2019-05-16T08:00Z,2019-05-16T08:30Z,242,moderate,2.9,1.3,0.0,58.0,4.9,0,0.2,29.2,3.5
581,South England,2019-05-16T08:30Z,2019-05-16T09:00Z,232,moderate,2.6,1.1,0.0,56.2,3.7,0,0.1,32.8,3.5
582,South England,2019-05-16T09:00Z,2019-05-16T09:30Z,222,moderate,2.7,1.0,0.0,53.8,2.2,0,0.1,36.2,4.0
583,South England,2019-05-16T09:30Z,2019-05-16T10:00Z,213,moderate,2.2,0.9,0.0,51.5,2.0,0,0.1,39.5,3.8
584,South England,2019-05-16T10:00Z,2019-05-16T10:30Z,204,moderate,0.7,0.3,0.0,51.6,0.8,0,0.0,44.0,2.6
585,South England,2019-05-16T10:30Z,2019-05-16T11:00Z,199,moderate,0.9,0.4,0.0,49.8,1.0,0,0.0,45.0,2.9
586,South England,2019-05-16T11:00Z,2019-05-16T11:30Z,198,moderate,1.2,0.4,0.0,49.0,1.7,0,0.0,44.1,3.6
587,South England,2019-05-16T11:30Z,2019-05-16T12:00Z,202,moderate,1.7,0.5,0.0,49.8,1.9,0,0.0,42.2,3.9
588,London,2019-05-15T11:30Z,2019-05-15T12:00Z,166,moderate,3.5,0.2,21.5,38.7,6.5,0,0.1,26.9,2.6
589,London,2019-05-15T12:00Z,2019-05-15T12:30Z,158,low,3.6,0.2,23.1,36.0,7.2,0,0.1,26.7,3.1
590,London,2019-05-15T12:30Z,2019-05-15T13:00Z,151,low,0.7,0.0,27.2,34.9,8.8,0,0.1,24.7,3.6
591,London,2019-05-15T13:00Z,2019-05-15T13:30Z,154,low,0.5,0.0,28.4,34.2,8.9,0,0.1,23.7,4.2
592,London,2019-05-15T13:30Z,2019-05-15T14:00Z,172,moderate,0.3,0.0,28.9,39.0,7.8,0,0.1,19.7,4.2
593,London,2019-05-15T14:00Z,2019-05-15T14:30Z,183,moderate,0.3,0.0,30.1,40.5,7.5,0,0.1,17.1,4.4
594,London,2019-05-15T14:30Z,2019-05-15T15:00Z,188,moderate,0.4,0.0,29.4,41.7,7.8,0,0.2,15.6,4.9
595,London,2019-05-15T15:00Z,2019-05-15T15:30Z,196,moderate,0.4,0.0,31.0,43.4,6.8,0,0.3,13.3,4.8
596,London,2019-05-15T15:30Z,2019-05-15T16:00Z,209,moderate,0.2,0.0,28.7,47.6,7.1,0,0.2,11.3,4.9
597,London,2019-05-15T16:00Z,2019-05-15T16:30Z,209,moderate,0.1,0.0,28.1,48.7,7.5,0,0.3,9.7,5.6
598,London,2019-05-15T16:30Z,2019-05-15T17:00Z,207,moderate,0.1,0.0,34.0,47.1,5.5,0,0.5,6.9,5.9
599,London,2019-05-15T17:00Z,2019-05-15T17:30Z,208,moderate,0.0,0.0,37.3,47.1,4.2,0,0.5,4.9,6.0
600,London,2019-05-15T17:30Z,2019-05-15T18:00Z,212,moderate,0.0,0.0,39.2,47.7,3.4,0,0.5,3.2,6.0
601,London,2019-05-15T18:00Z,2019-05-15T18:30Z,212,moderate,0.0,0.0,42.2,47.6,1.9,0,0.5,1.9,5.9
602,London,2019-05-15T18:30Z,2019-05-15T19:00Z,211,moderate,0.0,0.0,43.5,47.7,1.3,0,0.4,1.0,6.1
603,London,2019-05-15T19:00Z,2019-05-15T19:30Z,214,moderate,0.0,0.0,43.5,48.3,1.0,0,0.4,0.3,6.5
604,London,2019-05-15T19:30Z,2019-05-15T20:00Z,217,moderate,0.0,0.0,44.5,48.4,0.6,0,0.1,0.0,6.4
605,London,2019-05-15T20:00Z,2019-05-15T20:30Z,218,moderate,0.0,0.0,45.2,46.8,0.8,0,0.1,0.0,7.1
606,London,2019-05-15T20:30Z,2019-05-15T21:00Z,218,moderate,0.0,0.0,47.9,44.8,0.1,0,0.0,0.0,7.2
607,London,2019-05-15T21:00Z,2019-05-15T21:30Z,207,moderate,0.0,0.0,49.7,43.0,0.0,0,0.1,0.0,7.2
608,London,2019-05-15T21:30Z,2019-05-15T22:00Z,191,moderate,0.0,0.0,53.5,39.0,0.0,0,0.1,0.0,7.4
609,London,2019-05-15T22:00Z,2019-05-15T22:30Z,185,moderate,0.0,0.0,56.3,36.2,0.0,0,0.1,0.0,7.4
610,London,2019-05-15T22:30Z,2019-05-15T23:00Z,180,moderate,0.0,0.0,60.3,32.0,0.0,0,0.1,0.0,7.6
611,London,2019-05-15T23:00Z,2019-05-15T23:30Z,184,moderate,0.0,0.0,59.0,33.5,0.0,0,0.1,0.0,7.4
612,London,2019-05-15T23:30Z,2019-05-16T00:00Z,177,moderate,0.0,0.0,60.6,32.6,0.0,0,0.1,0.0,6.7
613,London,2019-05-16T00:00Z,2019-05-16T00:30Z,187,moderate,0.0,0.0,64.2,28.9,0.0,0,0.1,0.0,6.8
614,London,2019-05-16T00:30Z,2019-05-16T01:00Z,211,moderate,0.0,0.0,71.2,20.3,1.7,0,0.1,0.0,6.7
615,London,2019-05-16T01:00Z,2019-05-16T01:30Z,204,moderate,3.3,0.0,58.7,21.8,8.4,0,0.1,0.0,7.7
616,London,2019-05-16T01:30Z,2019-05-16T02:00Z,203,moderate,3.0,0.0,58.9,20.9,8.9,0,0.2,0.0,8.1
617,London,2019-05-16T02:00Z,2019-05-16T02:30Z,203,moderate,2.7,0.0,59.9,20.3,8.8,0,0.2,0.0,8.1
618,London,2019-05-16T02:30Z,2019-05-16T03:00Z,216,moderate,0.0,0.0,76.8,17.4,0.0,0,0.8,0.0,5.0
619,London,2019-05-16T03:00Z,2019-05-16T03:30Z,215,moderate,0.0,0.0,76.8,17.0,0.3,0,0.9,0.0,5.0
620,London,2019-05-16T03:30Z,2019-05-16T04:00Z,216,moderate,0.0,0.0,75.7,17.6,0.4,0,1.4,0.0,4.9
621,London,2019-05-16T04:00Z,2019-05-16T04:30Z,220,moderate,0.5,0.0,72.2,19.6,0.9,0,2.0,0.0,4.8
622,London,2019-05-16T04:30Z,2019-05-16T05:00Z,221,moderate,5.5,0.0,42.0,33.2,9.0,0,1.5,0.8,8.0
623,London,2019-05-16T05:00Z,2019-05-16T05:30Z,224,moderate,11.0,0.0,6.6,50.5,16.7,0,1.2,2.4,11.6
624,London,2019-05-16T05:30Z,2019-05-16T06:00Z,230,moderate,10.4,0.0,0.1,55.6,17.0,0,1.2,4.0,11.7
625,London,2019-05-16T06:00Z,2019-05-16T06:30Z,232,moderate,11.3,0.9,0.0,53.7,16.3,0,1.4,5.8,10.6
626,London,2019-05-16T06:30Z,2019-05-16T07:00Z,234,moderate,11.0,1.3,1.2,51.5,15.4,0,1.4,7.8,10.4
627,London,2019-05-16T07:00Z,2019-05-16T07:30Z,251,moderate,9.4,3.2,3.9,50.8,12.6,0,1.3,9.7,9.1
628,London,2019-05-16T07:30Z,2019-05-16T08:00Z,252,moderate,8.8,5.1,8.8,46.2,10.7,0,0.8,12.0,7.6
629,London,2019-05-16T08:00Z,2019-05-16T08:30Z,233,moderate,7.9,3.8,12.2,44.0,9.8,0,0.3,14.3,7.7
630,London,2019-05-16T08:30Z,2019-05-16T09:00Z,225,moderate,7.6,3.5,15.4,40.6,8.8,0,0.2,16.0,7.9
631,London,2019-05-16T09:00Z,2019-05-16T09:30Z,229,moderate,9.5,3.8,9.6,42.6,7.9,0,0.2,17.1,9.3
632,London,2019-05-16T09:30Z,2019-05-16T10:00Z,219,moderate,9.5,4.3,4.1,43.2,9.6,0,0.2,19.1,10.0
633,London,2019-05-16T10:00Z,2019-05-16T10:30Z,202,moderate,8.0,3.1,12.1,35.7,8.6,0,0.2,22.9,9.4
634,London,2019-05-16T10:30Z,2019-05-16T11:00Z,195,moderate,8.2,3.8,8.9,34.7,10.1,0,0.2,23.1,11.0
635,London,2019-05-16T11:00Z,2019-05-16T11:30Z,181,moderate,8.5,3.2,5.0,34.4,12.8,0,0.1,23.5,12.5
636,London,2019-05-16T11:30Z,2019-05-16T12:00Z,169,moderate,8.9,2.5,7.1,31.7,13.2,0,0.1,23.2,13.3
637,South East England,2019-05-15T11:30Z,2019-05-15T12:00Z,169,moderate,0.0,0.0,46.1,37.6,0.0,0,0.2,14.4,1.7
638,South East England,2019-05-15T12:00Z,2019-05-15T12:30Z,161,moderate,0.0,0.0,48.0,34.7,0.0,0,0.2,15.0,2.1
639,South East England,2019-05-15T12:30Z,2019-05-15T13:00Z,159,low,0.0,0.0,48.3,34.3,0.0,0,0.2,14.8,2.4
640,South East England,2019-05-15T13:00Z,2019-05-15T13:30Z,161,moderate,0.0,0.0,49.6,32.8,0.0,0,0.2,14.6,2.8
641,South East England,2019-05-15T13:30Z,2019-05-15T14:00Z,183,moderate,0.0,0.0,44.7,39.8,0.0,0,0.2,12.4,2.9
642,South East England,2019-05-15T14:00Z,2019-05-15T14:30Z,195,moderate,0.0,0.0,45.0,41.1,0.0,0,0.2,10.8,2.9
643,South East England,2019-05-15T14:30Z,2019-05-15T15:00Z,200,moderate,0.0,0.0,44.8,42.1,0.0,0,0.3,9.7,3.1
644,South East England,2019-05-15T15:00Z,2019-05-15T15:30Z,206,moderate,0.0,0.0,44.1,43.6,0.0,0,0.4,8.6,3.3
645,South East England,2019-05-15T15:30Z,2019-05-15T16:00Z,219,moderate,0.0,0.0,41.3,47.7,0.0,0,0.3,7.4,3.3
646,South East England,2019-05-15T16:00Z,2019-05-15T16:30Z,216,moderate,0.0,0.0,41.1,48.4,0.0,0,0.5,6.3,3.7
647,South East England,2019-05-15T16:30Z,2019-05-15T17:00Z,211,moderate,0.0,0.0,43.2,47.0,0.0,0,0.6,5.1,4.1
648,South East England,2019-05-15T17:00Z,2019-05-15T17:30Z,211,moderate,0.0,0.0,44.1,47.0,0.0,0,0.6,3.9,4.4
649,South East England,2019-05-15T17:30Z,2019-05-15T18:00Z,215,moderate,0.0,0.0,44.7,47.5,0.0,0,0.5,2.7,4.6
650,South East England,2019-05-15T18:00Z,2019-05-15T18:30Z,213,moderate,0.0,0.0,45.2,47.6,0.0,0,0.5,1.7,5.0
651,South East England,2019-05-15T18:30Z,2019-05-15T19:00Z,212,moderate,0.0,0.0,45.5,47.7,0.0,0,0.5,0.9,5.4
652,South East England,2019-05-15T19:00Z,2019-05-15T19:30Z,214,moderate,0.0,0.0,45.1,48.2,0.0,0,0.4,0.3,6.0
653,South East England,2019-05-15T19:30Z,2019-05-15T20:00Z,218,moderate,0.0,0.0,45.4,48.4,0.0,0,0.1,0.0,6.1
654,South East England,2019-05-15T20:00Z,2019-05-15T20:30Z,219,moderate,0.0,0.0,46.5,46.7,0.0,0,0.1,0.0,6.7
655,South East England,2019-05-15T20:30Z,2019-05-15T21:00Z,218,moderate,0.0,0.0,48.1,44.8,0.0,0,0.0,0.0,7.1
656,South East England,2019-05-15T21:00Z,2019-05-15T21:30Z,207,moderate,0.0,0.0,49.8,43.0,0.0,0,0.1,0.0,7.1
657,South East England,2019-05-15T21:30Z,2019-05-15T22:00Z,191,moderate,0.0,0.0,53.6,39.0,0.0,0,0.1,0.0,7.3
658,South East England,2019-05-15T22:00Z,2019-05-15T22:30Z,185,moderate,0.0,0.0,56.3,36.2,0.0,0,0.1,0.0,7.4
659,South East England,2019-05-15T22:30Z,2019-05-15T23:00Z,180,moderate,0.0,0.0,60.2,32.1,0.0,0,0.1,0.0,7.6
660,South East England,2019-05-15T23:00Z,2019-05-15T23:30Z,184,moderate,0.0,0.0,59.0,33.5,0.0,0,0.1,0.0,7.4
661,South East England,2019-05-15T23:30Z,2019-05-16T00:00Z,177,moderate,0.0,0.0,60.6,32.6,0.0,0,0.1,0.0,6.7
662,South East England,2019-05-16T00:00Z,2019-05-16T00:30Z,187,moderate,0.0,0.0,64.2,28.9,0.0,0,0.1,0.0,6.8
663,South East England,2019-05-16T00:30Z,2019-05-16T01:00Z,218,moderate,0.0,0.0,74.0,20.0,0.0,0,0.1,0.0,5.9
664,South East England,2019-05-16T01:00Z,2019-05-16T01:30Z,223,moderate,0.0,0.0,74.9,19.5,0.0,0,0.1,0.0,5.5
665,South East England,2019-05-16T01:30Z,2019-05-16T02:00Z,223,moderate,0.0,0.0,76.0,18.2,0.0,0,0.2,0.0,5.6
666,South East England,2019-05-16T02:00Z,2019-05-16T02:30Z,222,moderate,0.0,0.0,76.7,17.6,0.0,0,0.2,0.0,5.5
667,South East England,2019-05-16T02:30Z,2019-05-16T03:00Z,217,moderate,0.0,0.0,76.8,17.4,0.0,0,0.8,0.0,5.0
668,South East England,2019-05-16T03:00Z,2019-05-16T03:30Z,216,moderate,0.0,0.0,77.3,16.9,0.0,0,0.9,0.0,4.9
669,South East England,2019-05-16T03:30Z,2019-05-16T04:00Z,217,moderate,0.0,0.0,76.4,17.5,0.0,0,1.4,0.0,4.7
670,South East England,2019-05-16T04:00Z,2019-05-16T04:30Z,223,moderate,0.0,0.0,75.0,18.5,0.0,0,2.1,0.0,4.4
671,South East England,2019-05-16T04:30Z,2019-05-16T05:00Z,227,moderate,0.0,0.0,72.0,21.5,0.0,0,1.9,0.5,4.1
672,South East England,2019-05-16T05:00Z,2019-05-16T05:30Z,229,moderate,0.0,0.0,67.3,26.1,0.0,0,1.5,1.4,3.7
673,South East England,2019-05-16T05:30Z,2019-05-16T06:00Z,238,moderate,0.0,0.0,62.6,30.4,0.0,0,1.4,2.3,3.3
674,South East England,2019-05-16T06:00Z,2019-05-16T06:30Z,235,moderate,0.0,0.0,63.2,29.2,0.0,0,1.3,3.2,3.1
675,South East England,2019-05-16T06:30Z,2019-05-16T07:00Z,230,moderate,0.0,0.0,62.9,28.0,0.0,0,1.4,4.3,3.4
676,South East England,2019-05-16T07:00Z,2019-05-16T07:30Z,225,moderate,0.0,0.0,64.6,25.0,0.0,0,1.3,5.5,3.6
677,South East England,2019-05-16T07:30Z,2019-05-16T08:00Z,212,moderate,0.0,0.0,64.7,23.7,0.0,0,1.1,6.8,3.7
678,South East England,2019-05-16T08:00Z,2019-05-16T08:30Z,187,moderate,0.0,0.0,58.8,27.1,0.0,0,0.5,9.0,4.6
679,South East England,2019-05-16T08:30Z,2019-05-16T09:00Z,190,moderate,0.0,0.0,57.5,26.9,0.0,0,0.3,10.4,4.9
680,South East England,2019-05-16T09:00Z,2019-05-16T09:30Z,196,moderate,0.0,0.0,48.6,30.9,0.0,0,0.3,13.9,6.3
681,South East England,2019-05-16T09:30Z,2019-05-16T10:00Z,162,moderate,0.0,0.0,42.7,32.8,0.0,0,0.4,16.7,7.4
682,South East England,2019-05-16T10:00Z,2019-05-16T10:30Z,198,moderate,0.0,0.0,55.2,23.1,0.0,0,0.3,15.2,6.2
683,South East England,2019-05-16T10:30Z,2019-05-16T11:00Z,181,moderate,0.0,0.0,58.3,17.9,0.0,0,0.3,16.6,6.9
684,South East England,2019-05-16T11:00Z,2019-05-16T11:30Z,158,low,0.0,0.0,57.3,16.5,0.0,0,0.2,17.8,8.2
685,South East England,2019-05-16T11:30Z,2019-05-16T12:00Z,155,low,0.0,0.0,60.2,11.8,0.0,0,0.3,18.6,9.1
686,England,2019-05-15T11:30Z,2019-05-15T12:00Z,172,moderate,7.3,0.2,6.5,40.3,15.8,0,0.1,26.6,3.2
687,England,2019-05-15T12:00Z,2019-05-15T12:30Z,169,moderate,7.3,0.3,6.5,39.4,16.1,0,0.1,26.6,3.7
688,England,2019-05-15T12:30Z,2019-05-15T13:00Z,167,moderate,7.2,0.3,6.5,38.5,16.5,0,0.1,26.4,4.5
689,England,2019-05-15T13:00Z,2019-05-15T13:30Z,171,moderate,7.1,0.5,6.5,39.1,16.7,0,0.1,25.1,4.9
690,England,2019-05-15T13:30Z,2019-05-15T14:00Z,175,moderate,7.0,0.9,6.5,39.1,17.2,0,0.1,23.9,5.3
691,England,2019-05-15T14:00Z,2019-05-15T14:30Z,179,moderate,6.9,0.8,6.9,40.0,17.4,0,0.2,22.2,5.6
692,England,2019-05-15T14:30Z,2019-05-15T15:00Z,186,moderate,6.9,0.8,6.9,41.7,17.4,0,0.2,20.2,5.9
693,England,2019-05-15T15:00Z,2019-05-15T15:30Z,196,moderate,7.0,0.6,6.8,44.0,17.5,0,0.2,18.0,5.9
694,England,2019-05-15T15:30Z,2019-05-15T16:00Z,214,moderate,4.8,0.6,6.5,49.6,17.4,0,0.2,15.3,5.6
695,England,2019-05-15T16:00Z,2019-05-15T16:30Z,223,moderate,4.3,1.0,6.4,51.6,17.5,0,0.2,12.9,6.1
696,England,2019-05-15T16:30Z,2019-05-15T17:00Z,225,moderate,5.7,0.9,6.5,52.0,17.6,0,0.3,10.1,6.9
697,England,2019-05-15T17:00Z,2019-05-15T17:30Z,226,moderate,7.2,0.8,6.4,52.2,17.7,0,0.5,7.8,7.4
698,England,2019-05-15T17:30Z,2019-05-15T18:00Z,228,moderate,7.0,0.2,6.6,54.0,17.9,0,1.0,5.6,7.7
699,England,2019-05-15T18:00Z,2019-05-15T18:30Z,231,moderate,7.1,0.2,6.6,54.7,18.2,0,1.1,3.8,8.3
700,England,2019-05-15T18:30Z,2019-05-15T19:00Z,233,moderate,7.0,0.2,6.5,55.3,18.4,0,1.7,2.1,8.8
701,England,2019-05-15T19:00Z,2019-05-15T19:30Z,235,moderate,7.1,0.3,6.6,55.1,18.7,0,1.9,0.8,9.5
702,England,2019-05-15T19:30Z,2019-05-15T20:00Z,242,moderate,7.1,0.6,6.7,56.8,18.6,0,0.7,0.1,9.4
703,England,2019-05-15T20:00Z,2019-05-15T20:30Z,241,moderate,7.1,0.7,6.8,56.2,18.4,0,0.5,0.0,10.3
704,England,2019-05-15T20:30Z,2019-05-15T21:00Z,236,moderate,7.4,1.0,7.0,54.1,18.9,0,0.5,0.0,11.1
705,England,2019-05-15T21:00Z,2019-05-15T21:30Z,227,moderate,7.8,1.3,6.9,51.3,19.7,0,0.6,0.0,12.4
706,England,2019-05-15T21:30Z,2019-05-15T22:00Z,207,moderate,7.9,0.8,7.1,47.4,21.3,0,0.8,0.0,14.7
707,England,2019-05-15T22:00Z,2019-05-15T22:30Z,190,moderate,8.1,0.0,7.1,44.7,22.5,0,1.0,0.0,16.6
708,England,2019-05-15T22:30Z,2019-05-15T23:00Z,176,moderate,8.3,0.0,7.5,40.8,23.8,0,0.9,0.0,18.7
709,England,2019-05-15T23:00Z,2019-05-15T23:30Z,163,moderate,9.1,0.0,6.8,37.7,25.8,0,0.7,0.0,19.9
710,England,2019-05-15T23:30Z,2019-05-16T00:00Z,154,low,9.2,0.0,7.2,34.4,28.2,0,0.7,0.0,20.3
711,England,2019-05-16T00:00Z,2019-05-16T00:30Z,160,moderate,9.3,0.0,8.8,34.0,28.6,0,0.5,0.0,18.8
712,England,2019-05-16T00:30Z,2019-05-16T01:00Z,173,moderate,9.3,0.0,11.3,34.9,28.1,0,0.4,0.0,16.0
713,England,2019-05-16T01:00Z,2019-05-16T01:30Z,180,moderate,9.4,0.0,11.5,37.4,27.9,0,0.3,0.0,13.5
714,England,2019-05-16T01:30Z,2019-05-16T02:00Z,179,moderate,9.6,0.0,11.7,36.5,28.4,0,0.2,0.0,13.6
715,England,2019-05-16T02:00Z,2019-05-16T02:30Z,176,moderate,9.7,0.0,11.6,36.0,28.6,0,0.3,0.0,13.8
716,England,2019-05-16T02:30Z,2019-05-16T03:00Z,162,moderate,8.0,0.0,12.1,32.8,31.1,0,1.0,0.0,15.0
717,England,2019-05-16T03:00Z,2019-05-16T03:30Z,164,moderate,8.1,0.0,12.5,33.2,30.4,0,1.0,0.0,14.8
718,England,2019-05-16T03:30Z,2019-05-16T04:00Z,164,moderate,8.1,0.0,12.6,32.8,30.1,0,1.6,0.0,14.8
719,England,2019-05-16T04:00Z,2019-05-16T04:30Z,174,moderate,8.0,0.0,13.2,34.4,29.1,0,1.7,0.1,13.5
720,England,2019-05-16T04:30Z,2019-05-16T05:00Z,192,moderate,8.7,0.0,13.0,38.6,26.7,0,0.7,1.0,11.3
721,England,2019-05-16T05:00Z,2019-05-16T05:30Z,205,moderate,8.7,0.0,12.1,43.7,22.3,0,0.3,2.7,10.2
722,England,2019-05-16T05:30Z,2019-05-16T06:00Z,214,moderate,7.8,0.0,11.3,46.0,20.4,0,0.3,4.5,9.7
723,England,2019-05-16T06:00Z,2019-05-16T06:30Z,220,moderate,7.5,0.8,11.6,46.5,18.7,0,0.2,6.2,8.5
724,England,2019-05-16T06:30Z,2019-05-16T07:00Z,214,moderate,7.0,0.7,11.4,45.1,18.4,0,0.2,8.5,8.7
725,England,2019-05-16T07:00Z,2019-05-16T07:30Z,214,moderate,7.4,1.4,11.1,43.4,17.7,0,0.2,10.7,8.1
726,England,2019-05-16T07:30Z,2019-05-16T08:00Z,208,moderate,6.9,2.2,11.0,40.8,17.7,0,0.2,13.4,7.8
727,England,2019-05-16T08:00Z,2019-05-16T08:30Z,195,moderate,6.8,2.1,8.8,40.1,17.7,0,0.2,15.7,8.6
728,England,2019-05-16T08:30Z,2019-05-16T09:00Z,186,moderate,7.1,2.0,8.5,37.4,17.4,0,0.2,17.8,9.6
729,England,2019-05-16T09:00Z,2019-05-16T09:30Z,181,moderate,7.1,2.1,5.9,36.6,17.3,0,0.2,20.2,10.6
730,England,2019-05-16T09:30Z,2019-05-16T10:00Z,173,moderate,6.9,2.2,4.7,36.3,17.6,0,0.2,21.9,10.2
731,England,2019-05-16T10:00Z,2019-05-16T10:30Z,167,moderate,7.1,2.1,7.5,31.9,17.1,0,0.1,24.4,9.8
732,England,2019-05-16T10:30Z,2019-05-16T11:00Z,163,moderate,7.4,2.3,7.5,30.0,17.3,0,0.1,25.3,10.1
733,England,2019-05-16T11:00Z,2019-05-16T11:30Z,161,moderate,7.2,2.2,6.7,30.7,17.3,0,0.1,25.2,10.6
734,England,2019-05-16T11:30Z,2019-05-16T12:00Z,159,low,7.2,2.2,6.6,30.0,17.4,0,0.1,25.3,11.2
735,Scotland,2019-05-15T11:30Z,2019-05-15T12:00Z,110,low,2.2,0.0,0.0,26.6,38.6,0,2.5,8.3,21.8
736,Scotland,2019-05-15T12:00Z,2019-05-15T12:30Z,118,low,2.0,0.0,0.0,29.6,35.4,0,2.0,7.9,23.1
737,Scotland,2019-05-15T12:30Z,2019-05-15T13:00Z,117,low,2.0,0.0,0.5,28.5,34.4,0,2.4,7.6,24.6
738,Scotland,2019-05-15T13:00Z,2019-05-15T13:30Z,119,low,1.5,0.0,1.4,28.1,33.6,0,2.7,7.1,25.6
739,Scotland,2019-05-15T13:30Z,2019-05-15T14:00Z,119,low,1.2,0.0,1.7,28.3,33.5,0,2.9,6.5,25.9
740,Scotland,2019-05-15T14:00Z,2019-05-15T14:30Z,115,low,1.3,0.0,2.1,26.4,33.8,0,3.1,6.1,27.2
741,Scotland,2019-05-15T14:30Z,2019-05-15T15:00Z,116,low,1.3,0.0,1.7,27.2,32.9,0,3.8,5.5,27.6
742,Scotland,2019-05-15T15:00Z,2019-05-15T15:30Z,120,low,1.3,0.0,0.6,28.8,33.3,0,3.4,5.0,27.6
743,Scotland,2019-05-15T15:30Z,2019-05-15T16:00Z,128,low,1.0,0.0,1.3,31.1,32.7,0,2.8,4.3,26.8
744,Scotland,2019-05-15T16:00Z,2019-05-15T16:30Z,126,low,0.9,0.0,0.4,31.3,32.7,0,3.4,3.7,27.6
745,Scotland,2019-05-15T16:30Z,2019-05-15T17:00Z,128,low,1.4,0.0,1.5,30.2,32.2,0,3.5,2.9,28.3
746,Scotland,2019-05-15T17:00Z,2019-05-15T17:30Z,132,low,1.9,0.0,0.8,31.6,31.8,0,4.6,2.2,27.1
747,Scotland,2019-05-15T17:30Z,2019-05-15T18:00Z,136,low,1.7,0.0,2.8,31.0,31.2,0,6.2,1.5,25.6
748,Scotland,2019-05-15T18:00Z,2019-05-15T18:30Z,134,low,1.7,0.0,3.1,30.2,31.6,0,6.5,1.0,25.9
749,Scotland,2019-05-15T18:30Z,2019-05-15T19:00Z,131,low,1.8,0.0,3.0,29.6,31.7,0,7.6,0.6,25.7
750,Scotland,2019-05-15T19:00Z,2019-05-15T19:30Z,130,low,1.7,0.0,2.8,28.9,30.6,0,9.2,0.3,26.5
751,Scotland,2019-05-15T19:30Z,2019-05-15T20:00Z,137,low,1.8,0.0,2.5,31.5,33.0,0,3.1,0.0,28.1
752,Scotland,2019-05-15T20:00Z,2019-05-15T20:30Z,127,low,1.9,0.0,1.0,31.0,33.5,0,1.7,0.0,30.9
753,Scotland,2019-05-15T20:30Z,2019-05-15T21:00Z,118,low,2.0,0.0,0.0,29.6,34.5,0,1.4,0.1,32.4
754,Scotland,2019-05-15T21:00Z,2019-05-15T21:30Z,116,low,2.1,0.0,0.8,27.7,34.7,0,1.9,0.0,32.8
755,Scotland,2019-05-15T21:30Z,2019-05-15T22:00Z,113,low,2.1,0.0,3.3,24.6,35.2,0,2.0,0.0,32.8
756,Scotland,2019-05-15T22:00Z,2019-05-15T22:30Z,103,low,2.3,0.0,3.6,21.9,36.5,0,2.1,0.0,33.6
757,Scotland,2019-05-15T22:30Z,2019-05-15T23:00Z,85,low,2.7,0.0,1.6,19.8,37.7,0,2.3,0.0,35.9
758,Scotland,2019-05-15T23:00Z,2019-05-15T23:30Z,73,low,3.2,0.0,0.0,17.9,37.0,0,2.1,0.0,39.8
759,Scotland,2019-05-15T23:30Z,2019-05-16T00:00Z,71,low,3.2,0.0,0.0,16.3,35.7,0,3.1,0.0,41.7
760,Scotland,2019-05-16T00:00Z,2019-05-16T00:30Z,87,low,2.9,0.0,4.5,16.0,34.0,0,2.2,0.0,40.4
761,Scotland,2019-05-16T00:30Z,2019-05-16T01:00Z,87,low,3.0,0.0,4.1,16.4,34.5,0,1.5,0.0,40.5
762,Scotland,2019-05-16T01:00Z,2019-05-16T01:30Z,89,low,2.9,0.0,2.8,18.5,35.0,0,1.1,0.0,39.7
763,Scotland,2019-05-16T01:30Z,2019-05-16T02:00Z,88,low,2.9,0.0,2.8,18.6,34.3,0,1.4,0.0,40.0
764,Scotland,2019-05-16T02:00Z,2019-05-16T02:30Z,86,low,2.9,0.0,2.1,18.7,33.9,0,2.1,0.0,40.3
765,Scotland,2019-05-16T02:30Z,2019-05-16T03:00Z,49,very low,4.2,0.0,0.7,11.1,39.2,0,6.0,0.0,38.8
766,Scotland,2019-05-16T03:00Z,2019-05-16T03:30Z,42,very low,4.1,0.0,0.0,9.9,38.2,0,6.4,0.0,41.4
767,Scotland,2019-05-16T03:30Z,2019-05-16T04:00Z,40,very low,3.8,0.0,0.0,8.5,35.6,0,10.7,0.0,41.4
768,Scotland,2019-05-16T04:00Z,2019-05-16T04:30Z,49,very low,3.6,0.0,2.1,8.8,33.6,0,14.1,0.0,37.8
769,Scotland,2019-05-16T04:30Z,2019-05-16T05:00Z,56,very low,3.6,0.0,2.0,10.0,33.0,0,14.0,0.2,37.2
770,Scotland,2019-05-16T05:00Z,2019-05-16T05:30Z,63,low,3.5,0.0,2.0,11.9,32.7,0,12.1,0.4,37.4
771,Scotland,2019-05-16T05:30Z,2019-05-16T06:00Z,74,low,3.5,0.0,1.1,15.9,31.6,0,12.6,0.8,34.5
772,Scotland,2019-05-16T06:00Z,2019-05-16T06:30Z,89,low,3.5,0.0,0.0,20.5,30.9,0,13.1,1.2,30.8
773,Scotland,2019-05-16T06:30Z,2019-05-16T07:00Z,102,low,3.3,0.0,0.0,24.9,29.2,0,12.5,1.6,28.5
774,Scotland,2019-05-16T07:00Z,2019-05-16T07:30Z,102,low,3.1,0.0,0.0,25.2,27.8,0,13.0,2.0,28.9
775,Scotland,2019-05-16T07:30Z,2019-05-16T08:00Z,100,low,3.1,0.0,0.0,24.4,27.9,0,11.8,2.5,30.3
776,Scotland,2019-05-16T08:00Z,2019-05-16T08:30Z,100,low,3.1,0.0,0.0,24.5,29.5,0,6.0,3.2,33.7
777,Scotland,2019-05-16T08:30Z,2019-05-16T09:00Z,85,low,2.2,0.0,0.0,24.4,30.5,0,3.8,3.7,35.4
778,Scotland,2019-05-16T09:00Z,2019-05-16T09:30Z,42,very low,2.3,0.0,0.0,10.7,33.2,0,3.1,4.8,45.9
779,Scotland,2019-05-16T09:30Z,2019-05-16T10:00Z,40,very low,2.2,0.0,0.0,8.6,32.1,0,2.1,5.1,49.9
780,Scotland,2019-05-16T10:00Z,2019-05-16T10:30Z,52,very low,0.9,0.0,0.0,12.7,28.8,0,2.0,5.8,49.8
781,Scotland,2019-05-16T10:30Z,2019-05-16T11:00Z,59,very low,1.0,0.0,0.0,14.2,28.5,0,1.9,5.9,48.5
782,Scotland,2019-05-16T11:00Z,2019-05-16T11:30Z,62,low,1.6,0.0,0.0,16.4,27.0,0,1.2,5.8,48.0
783,Scotland,2019-05-16T11:30Z,2019-05-16T12:00Z,56,very low,1.8,0.0,0.0,12.6,27.0,0,1.4,6.2,51.0
784,Wales,2019-05-15T11:30Z,2019-05-15T12:00Z,255,moderate,0.0,0.0,0.0,65.0,0.0,0,0.6,20.3,14.1
785,Wales,2019-05-15T12:00Z,2019-05-15T12:30Z,252,moderate,0.0,0.0,0.0,64.3,0.0,0,0.6,20.6,14.5
786,Wales,2019-05-15T12:30Z,2019-05-15T13:00Z,254,moderate,0.0,0.0,0.0,63.3,0.0,0,0.4,21.3,15.0
787,Wales,2019-05-15T13:00Z,2019-05-15T13:30Z,271,high,0.0,0.0,0.0,68.2,0.0,0,0.1,18.5,13.2
788,Wales,2019-05-15T13:30Z,2019-05-15T14:00Z,282,high,0.0,0.0,0.0,71.2,0.0,0,0.0,16.6,12.2
789,Wales,2019-05-15T14:00Z,2019-05-15T14:30Z,290,high,0.0,0.0,0.0,73.3,0.0,0,0.0,15.1,11.6
790,Wales,2019-05-15T14:30Z,2019-05-15T15:00Z,301,high,0.0,0.0,0.0,75.8,0.0,0,0.0,13.4,10.8
791,Wales,2019-05-15T15:00Z,2019-05-15T15:30Z,311,high,0.0,0.0,0.0,78.5,0.0,0,0.0,11.6,9.9
792,Wales,2019-05-15T15:30Z,2019-05-15T16:00Z,323,high,0.0,0.0,0.0,81.7,0.0,0,0.0,9.5,8.8
793,Wales,2019-05-15T16:00Z,2019-05-15T16:30Z,327,high,0.0,0.0,0.0,83.0,0.0,0,0.0,8.4,8.6
794,Wales,2019-05-15T16:30Z,2019-05-15T17:00Z,327,high,0.0,0.0,0.0,83.3,0.0,0,0.0,7.7,9.0
795,Wales,2019-05-15T17:00Z,2019-05-15T17:30Z,326,high,0.0,0.0,0.0,82.9,0.0,0,1.6,6.7,8.8
796,Wales,2019-05-15T17:30Z,2019-05-15T18:00Z,324,high,0.0,0.0,0.0,82.2,0.0,0,4.0,5.3,8.5
797,Wales,2019-05-15T18:00Z,2019-05-15T18:30Z,326,high,0.0,0.0,0.0,83.1,0.0,0,4.4,3.7,8.8
798,Wales,2019-05-15T18:30Z,2019-05-15T19:00Z,322,high,0.0,0.0,0.0,81.8,0.0,0,7.1,2.0,9.1
799,Wales,2019-05-15T19:00Z,2019-05-15T19:30Z,324,high,0.0,0.0,0.0,81.4,0.0,0,7.6,0.8,10.2
800,Wales,2019-05-15T19:30Z,2019-05-15T20:00Z,335,high,0.0,0.0,0.0,85.5,0.0,0,3.0,0.1,11.4
801,Wales,2019-05-15T20:00Z,2019-05-15T20:30Z,329,high,0.0,0.0,0.0,84.2,0.0,0,2.2,0.0,13.6
802,Wales,2019-05-15T20:30Z,2019-05-15T21:00Z,320,high,0.0,0.0,0.0,81.9,0.0,0,2.3,0.0,15.8
803,Wales,2019-05-15T21:00Z,2019-05-15T21:30Z,308,high,0.0,0.0,0.0,79.0,0.0,0,2.5,0.0,18.5
804,Wales,2019-05-15T21:30Z,2019-05-15T22:00Z,294,high,0.0,0.0,0.0,75.2,0.0,0,3.0,0.0,21.8
805,Wales,2019-05-15T22:00Z,2019-05-15T22:30Z,280,high,0.0,0.0,0.0,71.9,0.0,0,3.4,0.0,24.7
806,Wales,2019-05-15T22:30Z,2019-05-15T23:00Z,269,high,0.0,0.0,0.7,67.5,0.0,0,2.7,0.0,29.1
807,Wales,2019-05-15T23:00Z,2019-05-15T23:30Z,267,high,0.0,0.0,0.0,67.4,0.0,0,2.3,0.0,30.3
808,Wales,2019-05-15T23:30Z,2019-05-16T00:00Z,271,high,0.0,0.0,0.0,68.5,0.0,0,0.8,0.0,30.7
809,Wales,2019-05-16T00:00Z,2019-05-16T00:30Z,276,high,0.0,0.0,0.0,70.0,0.0,0,1.6,0.0,28.4
810,Wales,2019-05-16T00:30Z,2019-05-16T01:00Z,281,high,0.0,0.0,0.0,70.6,0.0,0,2.4,0.0,27.0
811,Wales,2019-05-16T01:00Z,2019-05-16T01:30Z,294,high,0.0,0.0,0.0,74.2,0.0,0,2.6,0.0,23.2
812,Wales,2019-05-16T01:30Z,2019-05-16T02:00Z,295,high,0.0,0.0,0.0,75.3,0.0,0,1.4,0.0,23.3
813,Wales,2019-05-16T02:00Z,2019-05-16T02:30Z,298,high,0.0,0.0,0.0,75.5,0.0,0,1.0,0.0,23.5
814,Wales,2019-05-16T02:30Z,2019-05-16T03:00Z,176,moderate,1.1,0.0,0.2,46.3,10.6,0,1.6,0.0,40.2
815,Wales,2019-05-16T03:00Z,2019-05-16T03:30Z,147,low,1.5,0.0,0.0,38.4,13.5,0,2.3,0.0,44.3
816,Wales,2019-05-16T03:30Z,2019-05-16T04:00Z,124,low,1.6,0.0,0.0,32.2,15.1,0,4.5,0.0,46.6
817,Wales,2019-05-16T04:00Z,2019-05-16T04:30Z,123,low,1.7,0.0,1.0,27.9,15.6,0,6.6,0.1,47.1
818,Wales,2019-05-16T04:30Z,2019-05-16T05:00Z,174,moderate,1.1,0.0,10.2,30.0,10.5,0,4.4,0.9,42.9
819,Wales,2019-05-16T05:00Z,2019-05-16T05:30Z,194,moderate,0.8,0.0,11.7,33.2,7.0,0,2.6,2.7,42.0
820,Wales,2019-05-16T05:30Z,2019-05-16T06:00Z,238,moderate,0.0,0.0,12.5,46.5,0.4,0,0.2,4.7,35.7
821,Wales,2019-05-16T06:00Z,2019-05-16T06:30Z,227,moderate,0.1,0.0,1.5,54.6,0.6,0,0.2,7.1,35.9
822,Wales,2019-05-16T06:30Z,2019-05-16T07:00Z,248,moderate,0.0,0.0,0.0,61.5,0.0,0,0.0,8.0,30.5
823,Wales,2019-05-16T07:00Z,2019-05-16T07:30Z,267,high,0.0,0.0,0.0,67.8,0.0,0,0.7,8.1,23.4
824,Wales,2019-05-16T07:30Z,2019-05-16T08:00Z,269,high,0.0,0.0,0.0,68.4,0.0,0,0.0,9.6,22.0
825,Wales,2019-05-16T08:00Z,2019-05-16T08:30Z,267,high,0.0,0.0,0.0,68.0,0.0,0,1.3,10.2,20.5
826,Wales,2019-05-16T08:30Z,2019-05-16T09:00Z,263,high,0.0,0.0,0.0,67.0,0.0,0,1.6,11.5,19.9
827,Wales,2019-05-16T09:00Z,2019-05-16T09:30Z,258,moderate,0.0,0.0,0.0,66.2,0.0,0,1.1,13.3,19.4
828,Wales,2019-05-16T09:30Z,2019-05-16T10:00Z,249,moderate,0.0,0.0,0.0,63.4,0.0,0,1.3,15.6,19.7
829,Wales,2019-05-16T10:00Z,2019-05-16T10:30Z,240,moderate,0.0,0.0,0.0,61.4,0.0,0,1.3,17.7,19.6
830,Wales,2019-05-16T10:30Z,2019-05-16T11:00Z,236,moderate,0.0,0.0,0.0,59.6,0.0,0,1.6,18.9,19.9
831,Wales,2019-05-16T11:00Z,2019-05-16T11:30Z,238,moderate,0.0,0.0,0.0,60.8,0.0,0,1.1,18.8,19.3
832,Wales,2019-05-16T11:30Z,2019-05-16T12:00Z,235,moderate,0.0,0.0,0.0,59.5,0.0,0,1.3,19.9,19.3
